step,total_steps,progress_percent,elapsed,eta,loss,lr,loss_rolling_100,loss_rolling_500
0,40000,0.0,00:00,?,1.22,1e-05,1.22,1.22
2,40000,0.005,01:37,448:53:49,1.21,2e-05,1.2149999999999999,1.2149999999999999
3,40000,0.0075,01:38,245:56:31,1.1,3e-05,1.1766666666666665,1.1766666666666665
4,40000,0.01,01:38,150:10:35,1.08,4e-05,1.1524999999999999,1.1524999999999999
5,40000,0.0125,01:38,97:34:02,1.07,5e-05,1.136,1.136
6,40000,0.015,01:39,65:36:31,1.05,6e-05,1.1216666666666666,1.1216666666666666
7,40000,0.0175,01:39,45:58:30,1.02,7e-05,1.1071428571428572,1.1071428571428572
8,40000,0.02,01:40,34:07:57,1.01,8e-05,1.095,1.095
9,40000,0.0225,01:41,26:12:39,1.02,9e-05,1.0866666666666667,1.0866666666666667
10,40000,0.025,01:41,19:34:03,1.03,0.0001,1.081,1.081
11,40000,0.0275,01:42,15:12:52,1.01,0.0001,1.0745454545454545,1.0745454545454545
12,40000,0.03,01:43,12:57:28,1.02,0.0001,1.0699999999999998,1.0699999999999998
13,40000,0.0325,01:43,11:01:32,1.02,0.0001,1.066153846153846,1.066153846153846
14,40000,0.035,01:44,9:03:16,1.01,0.0001,1.062142857142857,1.062142857142857
15,40000,0.0375,01:44,8:01:33,0.995,0.0001,1.0576666666666665,1.0576666666666665
16,40000,0.04,01:45,7:17:18,0.998,0.0001,1.0539374999999997,1.0539374999999997
17,40000,0.0425,01:45,6:42:46,1.02,0.0001,1.051941176470588,1.051941176470588
18,40000,0.045,01:46,6:23:14,1.02,0.0001,1.0501666666666665,1.0501666666666665
19,40000,0.0475,01:46,6:27:25,1.01,0.0001,1.0480526315789471,1.0480526315789471
20,40000,0.05,01:47,6:32:30,1.01,0.0001,1.04615,1.04615
21,40000,0.0525,01:48,7:14:46,0.998,0.0001,1.0438571428571428,1.0438571428571428
22,40000,0.055,01:48,6:45:31,1.01,0.0001,1.042318181818182,1.042318181818182
23,40000,0.0575,01:49,7:23:52,1.0,0.0001,1.0404782608695653,1.0404782608695653
24,40000,0.06,01:49,6:49:54,1.02,0.0001,1.039625,1.039625
25,40000,0.0625,01:50,6:25:22,1.02,0.0001,1.03884,1.03884
26,40000,0.065,02:00,38:52:13,0.989,0.0001,1.036923076923077,1.036923076923077
27,40000,0.0675,02:01,28:49:33,0.995,0.0001,1.0353703703703705,1.0353703703703705
28,40000,0.07,02:01,21:11:44,0.991,0.0001,1.0337857142857143,1.0337857142857143
29,40000,0.0725,02:01,16:07:36,0.998,0.0001,1.0325517241379312,1.0325517241379312
30,40000,0.075,02:02,12:18:16,1.0,0.0001,1.0314666666666668,1.0314666666666668
31,40000,0.0775,02:03,13:18:00,0.989,0.0001,1.0300967741935485,1.0300967741935485
32,40000,0.08,02:03,10:35:15,0.984,0.0001,1.02865625,1.02865625
33,40000,0.0825,02:04,8:45:06,0.993,0.0001,1.0275757575757576,1.0275757575757576
34,40000,0.085,02:04,8:09:45,1.02,0.0001,1.0273529411764708,1.0273529411764708
35,40000,0.0875,02:05,6:44:17,1.0,0.0001,1.0265714285714287,1.0265714285714287
36,40000,0.09,02:06,9:58:18,1.02,0.0001,1.0263888888888892,1.0263888888888892
37,40000,0.0925,02:11,23:57:51,0.992,0.0001,1.0254594594594597,1.0254594594594597
38,40000,0.095,02:18,39:11:22,1.0,0.0001,1.0247894736842107,1.0247894736842107
39,40000,0.0975,02:19,30:20:05,0.992,0.0001,1.0239487179487181,1.0239487179487181
40,40000,0.1,02:19,21:58:38,0.998,0.0001,1.0233,1.0233
41,40000,0.1025,02:20,16:22:29,0.998,0.0001,1.0226829268292683,1.0226829268292683
42,40000,0.105,02:20,12:42:56,1.01,0.0001,1.0223809523809524,1.0223809523809524
43,40000,0.1075,02:21,12:55:11,1.02,0.0001,1.022325581395349,1.022325581395349
44,40000,0.11,02:21,10:05:30,1.01,0.0001,1.0220454545454545,1.0220454545454545
45,40000,0.1125,02:22,8:23:31,1.01,0.0001,1.0217777777777777,1.0217777777777777
46,40000,0.115,02:23,9:12:33,0.991,0.0001,1.0211086956521738,1.0211086956521738
47,40000,0.1175,02:23,7:42:34,0.986,0.0001,1.0203617021276594,1.0203617021276594
48,40000,0.12,02:25,10:26:08,1.02,0.0001,1.0203541666666667,1.0203541666666667
49,40000,0.1225,02:30,24:15:02,0.992,0.0001,1.0197755102040815,1.0197755102040815
50,40000,0.125,02:40,50:55:45,0.998,0.0001,1.01934,1.01934
51,40000,0.1275,02:40,36:58:48,1.01,0.0001,1.0191568627450978,1.0191568627450978
52,40000,0.13,02:41,26:56:51,1.02,0.0001,1.0191730769230767,1.0191730769230767
53,40000,0.1325,02:41,19:51:41,0.998,0.0001,1.0187735849056603,1.0187735849056603
54,40000,0.135,02:41,14:49:28,0.992,0.0001,1.0182777777777776,1.0182777777777776
55,40000,0.1375,02:42,11:24:29,1.0,0.0001,1.0179454545454543,1.0179454545454543
56,40000,0.14,02:42,9:18:28,1.01,0.0001,1.0178035714285711,1.0178035714285711
57,40000,0.1425,02:42,7:14:59,1.0,0.0001,1.0174912280701751,1.0174912280701751
58,40000,0.145,02:43,6:18:50,0.991,0.0001,1.0170344827586204,1.0170344827586204
59,40000,0.1475,02:43,5:10:58,1.0,0.0001,1.0167457627118641,1.0167457627118641
60,40000,0.15,02:43,4:53:06,1.01,0.0001,1.016633333333333,1.016633333333333
61,40000,0.1525,02:47,14:42:43,0.996,0.0001,1.016295081967213,1.016295081967213
62,40000,0.155,02:58,47:54:34,1.0,0.0001,1.0160322580645158,1.0160322580645158
63,40000,0.1575,02:58,34:36:18,0.993,0.0001,1.0156666666666665,1.0156666666666665
64,40000,0.16,02:59,25:12:04,1.0,0.0001,1.015421875,1.015421875
65,40000,0.1625,02:59,18:35:59,0.993,0.0001,1.015076923076923,1.015076923076923
66,40000,0.165,02:59,14:02:00,1.02,0.0001,1.015151515151515,1.015151515151515
67,40000,0.1675,03:00,11:10:19,0.998,0.0001,1.0148955223880596,1.0148955223880596
68,40000,0.17,03:00,9:10:30,1.0,0.0001,1.0146764705882352,1.0146764705882352
69,40000,0.1725,03:00,7:23:28,0.997,0.0001,1.0144202898550723,1.0144202898550723
70,40000,0.175,03:00,6:07:54,0.99,0.0001,1.0140714285714283,1.0140714285714283
71,40000,0.1775,03:01,5:19:48,1.01,0.0001,1.0140140845070422,1.0140140845070422
72,40000,0.18,03:01,4:42:05,1.01,0.0001,1.0139583333333333,1.0139583333333333
73,40000,0.1825,03:03,9:55:51,1.0,0.0001,1.0137671232876713,1.0137671232876713
74,40000,0.185,03:14,41:56:42,0.99,0.0001,1.0134459459459457,1.0134459459459457
75,40000,0.1875,03:14,30:20:56,0.988,0.0001,1.0131066666666666,1.0131066666666666
76,40000,0.19,03:14,22:32:58,1.01,0.0001,1.013065789473684,1.013065789473684
77,40000,0.1925,03:15,16:49:38,1.01,0.0001,1.013025974025974,1.013025974025974
78,40000,0.195,03:15,12:45:53,0.991,0.0001,1.0127435897435897,1.0127435897435897
79,40000,0.1975,03:16,11:57:39,0.988,0.0001,1.0124303797468355,1.0124303797468355
80,40000,0.2,03:16,9:39:05,0.988,0.0001,1.012125,1.012125
81,40000,0.2025,03:17,7:45:53,0.995,0.0001,1.0119135802469137,1.0119135802469137
82,40000,0.205,03:17,6:25:42,0.99,0.0001,1.0116463414634147,1.0116463414634147
83,40000,0.2075,03:17,5:30:15,0.994,0.0001,1.011433734939759,1.011433734939759
84,40000,0.21,03:17,4:51:23,0.995,0.0001,1.0112380952380953,1.0112380952380953
85,40000,0.2125,03:23,21:43:37,0.989,0.0001,1.0109764705882354,1.0109764705882354
86,40000,0.215,03:32,44:24:34,1.0,0.0001,1.0108488372093023,1.0108488372093023
87,40000,0.2175,03:32,32:23:57,0.995,0.0001,1.0106666666666668,1.0106666666666668
88,40000,0.22,03:32,23:42:16,0.991,0.0001,1.010443181818182,1.010443181818182
89,40000,0.2225,03:33,17:35:39,0.979,0.0001,1.0100898876404496,1.0100898876404496
90,40000,0.225,03:33,13:19:34,0.995,0.0001,1.0099222222222224,1.0099222222222224
91,40000,0.2275,03:33,10:20:32,1.01,0.0001,1.0099230769230771,1.0099230769230771
92,40000,0.23,03:34,8:30:46,0.986,0.0001,1.0096630434782612,1.0096630434782612
93,40000,0.2325,03:34,6:59:26,0.977,0.0001,1.0093118279569895,1.0093118279569895
94,40000,0.235,03:34,5:55:58,1.01,0.0001,1.0093191489361706,1.0093191489361706
95,40000,0.2375,03:35,5:08:57,0.997,0.0001,1.0091894736842109,1.0091894736842109
96,40000,0.24,03:35,4:52:50,1.0,0.0001,1.0090937500000003,1.0090937500000003
97,40000,0.2425,03:35,4:25:01,0.982,0.0001,1.008814432989691,1.008814432989691
98,40000,0.245,03:50,51:18:55,0.987,0.0001,1.0085918367346942,1.0085918367346942
99,40000,0.2475,03:50,37:16:08,1.0,0.0001,1.0085050505050508,1.0085050505050508
100,40000,0.25,03:51,27:07:08,0.988,0.0001,1.0083000000000002,1.0083000000000002
101,40000,0.2525,03:51,20:16:32,1.0,0.0001,1.0061000000000002,1.0082178217821784
102,40000,0.255,03:51,15:12:09,0.972,0.0001,1.0037200000000004,1.0078627450980395
103,40000,0.2575,03:52,11:54:35,0.972,0.0001,1.0024400000000002,1.0075145631067963
104,40000,0.26,03:52,9:21:25,0.979,0.0001,1.0014300000000003,1.0072403846153848
105,40000,0.2625,03:52,7:33:59,0.955,0.0001,1.0002800000000003,1.0067428571428572
106,40000,0.265,03:53,6:19:11,0.974,0.0001,0.9995200000000004,1.0064339622641512
107,40000,0.2675,03:53,5:23:29,0.949,0.0001,0.9988100000000004,1.0058971962616823
108,40000,0.27,03:53,4:29:07,0.975,0.0001,0.9984600000000003,1.0056111111111112
109,40000,0.2725,03:53,4:23:01,0.959,0.0001,0.9978500000000003,1.0051834862385323
110,40000,0.275,04:10,59:15:38,0.954,0.0001,0.9970900000000004,1.0047181818181818
111,40000,0.2775,04:11,42:31:11,0.947,0.0001,0.9964600000000003,1.0041981981981982
112,40000,0.28,04:11,30:45:00,0.945,0.0001,0.9957100000000003,1.0036696428571428
113,40000,0.2825,04:11,22:32:59,0.956,0.0001,0.9950700000000003,1.0032477876106196
114,40000,0.285,04:12,17:22:12,0.949,0.0001,0.9944600000000002,1.0027719298245614
115,40000,0.2875,04:12,13:14:53,0.925,0.0001,0.9937600000000002,1.002095652173913
116,40000,0.29,04:12,10:30:49,0.945,0.0001,0.9932300000000001,1.001603448275862
117,40000,0.2925,04:13,8:23:32,0.93,0.0001,0.9923300000000002,1.000991452991453
118,40000,0.295,04:13,6:53:16,0.939,0.0001,0.9915200000000002,1.0004661016949152
119,40000,0.2975,04:13,5:46:57,0.922,0.0001,0.9906400000000001,0.9998067226890756
120,40000,0.3,04:14,5:04:48,0.908,0.0001,0.98962,0.9990416666666666
121,40000,0.3025,04:14,4:32:23,0.908,0.0001,0.98872,0.9982892561983471
122,40000,0.305,04:26,44:23:41,0.905,0.0001,0.9876699999999999,0.9975245901639344
123,40000,0.3075,04:27,32:05:14,0.878,0.0001,0.9864499999999999,0.9965528455284552
124,40000,0.31,04:27,23:45:18,0.877,0.0001,0.98502,0.9955887096774193
125,40000,0.3125,04:27,17:37:28,0.877,0.0001,0.98359,0.9946399999999999
126,40000,0.315,04:28,13:19:19,0.868,0.0001,0.9823799999999998,0.9936349206349204
127,40000,0.3175,04:28,10:20:55,0.908,0.0001,0.9815099999999998,0.9929606299212597
128,40000,0.32,04:28,8:16:30,0.859,0.0001,0.9801899999999998,0.9919140624999998
129,40000,0.3225,04:29,6:47:38,0.858,0.0001,0.9787899999999997,0.990875968992248
130,40000,0.325,04:29,6:01:41,0.863,0.0001,0.9774199999999997,0.9898923076923075
131,40000,0.3275,04:29,5:34:22,0.861,0.0001,0.9761399999999998,0.9889083969465646
132,40000,0.33,04:30,4:54:22,0.845,0.0001,0.9747499999999998,0.9878181818181816
133,40000,0.3325,04:30,4:26:56,0.847,0.0001,0.9732899999999998,0.9867593984962404
134,40000,0.335,04:43,45:14:37,0.832,0.0001,0.9714099999999998,0.98560447761194
135,40000,0.3375,04:43,33:00:48,0.829,0.0001,0.9696999999999997,0.9844444444444442
136,40000,0.34,04:43,24:24:22,0.822,0.0001,0.9677199999999998,0.9832499999999998
137,40000,0.3425,04:44,18:05:56,0.823,0.0001,0.9660299999999996,0.9820802919708028
138,40000,0.345,04:44,13:43:00,0.83,0.0001,0.9643299999999997,0.9809782608695652
139,40000,0.3475,04:44,10:53:29,0.814,0.0001,0.9625499999999996,0.9797769784172662
140,40000,0.35,04:45,8:39:32,0.799,0.0001,0.9605599999999995,0.9784857142857143
141,40000,0.3525,04:45,7:20:41,0.812,0.0001,0.9586999999999994,0.9773049645390072
142,40000,0.355,04:45,6:07:58,0.782,0.0001,0.9564199999999994,0.9759295774647889
143,40000,0.3575,04:46,5:18:14,0.778,0.0001,0.9539999999999995,0.9745454545454546
144,40000,0.36,04:46,5:02:46,0.771,0.0001,0.9516099999999994,0.9731319444444444
145,40000,0.3625,04:46,4:33:10,0.772,0.0001,0.9492299999999995,0.9717448275862068
146,40000,0.365,05:00,49:42:28,0.788,0.0001,0.9471999999999994,0.970486301369863
147,40000,0.3675,05:01,35:47:22,0.794,0.0001,0.9452799999999993,0.9692857142857144
148,40000,0.37,05:01,27:19:02,0.763,0.0001,0.9427099999999995,0.9678918918918921
149,40000,0.3725,05:02,20:08:16,0.772,0.0001,0.9405099999999994,0.9665771812080538
150,40000,0.375,05:02,15:05:37,0.782,0.0001,0.9383499999999994,0.9653466666666668
151,40000,0.3775,05:02,11:52:56,0.752,0.0001,0.9357699999999993,0.9639337748344373
152,40000,0.38,05:03,9:19:29,0.737,0.0001,0.9329399999999992,0.9624407894736844
153,40000,0.3825,05:03,7:31:57,0.794,0.0001,0.9308999999999992,0.961339869281046
154,40000,0.385,05:03,6:17:53,0.76,0.0001,0.9285799999999992,0.9600324675324677
155,40000,0.3875,05:04,5:24:14,0.726,0.0001,0.9258399999999992,0.9585225806451615
156,40000,0.39,05:04,4:44:39,0.735,0.0001,0.9230899999999991,0.9570897435897439
157,40000,0.3925,05:04,4:15:41,0.752,0.0001,0.920609999999999,0.9557834394904462
158,40000,0.395,05:17,44:10:51,0.726,0.0001,0.9179599999999991,0.954329113924051
159,40000,0.3975,05:17,32:15:53,0.714,0.0001,0.915099999999999,0.9528176100628933
160,40000,0.4,05:20,33:14:41,0.702,0.0001,0.9120199999999989,0.9512500000000003
161,40000,0.4025,05:21,24:35:11,0.725,0.0001,0.909309999999999,0.9498447204968946
162,40000,0.405,05:21,18:12:01,0.697,0.0001,0.906279999999999,0.9482839506172842
163,40000,0.4075,05:21,14:00:47,0.697,0.0001,0.9033199999999991,0.9467423312883438
164,40000,0.41,05:22,10:49:51,0.682,0.0001,0.900139999999999,0.9451280487804881
165,40000,0.4125,05:22,8:36:41,0.7,0.0001,0.8972099999999992,0.9436424242424244
166,40000,0.415,05:22,7:17:49,0.713,0.0001,0.8941399999999992,0.9422530120481929
167,40000,0.4175,05:23,6:05:58,0.704,0.0001,0.8911999999999991,0.9408263473053894
168,40000,0.42,05:23,5:17:53,0.68,0.0001,0.8879999999999991,0.9392738095238097
169,40000,0.4225,05:23,4:43:45,0.709,0.0001,0.8851199999999991,0.9379112426035505
170,40000,0.425,05:37,48:46:37,0.675,0.0001,0.8819699999999991,0.9363647058823532
171,40000,0.4275,05:37,35:26:51,0.678,0.0001,0.878649999999999,0.9348538011695909
172,40000,0.43,05:38,25:50:53,0.669,0.0001,0.875239999999999,0.933308139534884
173,40000,0.4325,05:38,19:21:08,0.668,0.0001,0.871919999999999,0.9317745664739888
174,40000,0.435,05:38,14:34:24,0.662,0.0001,0.8686399999999992,0.9302241379310349
175,40000,0.4375,05:39,11:30:09,0.659,0.0001,0.8653499999999993,0.928674285714286
176,40000,0.44,05:39,9:03:02,0.65,0.0001,0.8617499999999992,0.9270909090909094
177,40000,0.4425,05:39,7:22:36,0.66,0.0001,0.8582499999999992,0.9255819209039552
178,40000,0.445,05:40,6:09:37,0.638,0.0001,0.8547199999999993,0.9239662921348318
179,40000,0.4475,05:40,5:19:14,0.647,0.0001,0.8513099999999993,0.9224189944134081
180,40000,0.45,05:40,4:41:49,0.614,0.0001,0.8475699999999994,0.9207055555555559
181,40000,0.4525,05:41,4:35:31,0.65,0.0001,0.8441199999999993,0.9192099447513816
182,40000,0.455,05:55,51:21:09,0.623,0.0001,0.8404499999999995,0.9175824175824179
183,40000,0.4575,05:56,37:17:21,0.625,0.0001,0.8367599999999995,0.9159836065573773
184,40000,0.46,05:56,27:22:12,0.626,0.0001,0.8330699999999994,0.9144076086956525
185,40000,0.4625,05:56,20:10:41,0.663,0.0001,0.8298099999999994,0.913048648648649
186,40000,0.465,05:57,15:27:06,0.668,0.0001,0.8264899999999994,0.9117311827956993
187,40000,0.4675,05:57,11:49:48,0.624,0.0001,0.8227799999999994,0.9101925133689843
188,40000,0.47,05:57,9:33:33,0.603,0.0001,0.8188999999999993,0.9085585106382983
189,40000,0.4725,05:58,7:42:59,0.608,0.0001,0.8151899999999993,0.9069682539682544
190,40000,0.475,05:58,6:26:40,0.601,0.0001,0.8112499999999992,0.9053578947368426
191,40000,0.4775,05:58,5:45:36,0.622,0.0001,0.8073699999999993,0.9038743455497388
192,40000,0.48,05:59,5:05:33,0.618,0.0001,0.8036899999999991,0.9023854166666672
193,40000,0.4825,06:01,10:30:22,0.598,0.0001,0.7998999999999991,0.900808290155441
194,40000,0.485,06:13,47:48:17,0.611,0.0001,0.7959099999999991,0.8993144329896913
195,40000,0.4875,06:13,34:29:31,0.593,0.0001,0.7918699999999991,0.8977435897435901
196,40000,0.49,06:14,25:09:47,0.591,0.0001,0.787779999999999,0.8961785714285719
197,40000,0.4925,06:14,18:36:10,0.58,0.0001,0.783759999999999,0.8945736040609142
198,40000,0.495,06:14,14:19:56,0.577,0.0001,0.7796599999999991,0.8929696969696975
199,40000,0.4975,06:15,11:01:50,0.598,0.0001,0.7756399999999991,0.8914874371859303
200,40000,0.5,06:15,8:59:26,0.602,0.0001,0.7717799999999991,0.8900400000000006
201,40000,0.5025,06:15,7:18:23,0.584,0.0001,0.7676199999999992,0.888517412935324
202,40000,0.505,06:16,6:07:48,0.561,0.0001,0.7635099999999992,0.886896039603961
203,40000,0.5075,06:16,5:18:27,0.563,0.0001,0.7594199999999993,0.885300492610838
204,40000,0.51,06:16,4:42:21,0.565,0.0001,0.7552799999999994,0.8837303921568633
205,40000,0.5125,06:18,9:35:18,0.558,0.0001,0.7513099999999995,0.8821414634146347
206,40000,0.515,06:29,43:28:53,0.565,0.0001,0.7472199999999993,0.8806019417475733
207,40000,0.5175,06:29,31:26:01,0.565,0.0001,0.7433799999999994,0.8790772946859908
208,40000,0.52,06:30,22:45:11,0.573,0.0001,0.7393599999999994,0.8776057692307698
209,40000,0.5225,06:30,16:53:26,0.561,0.0001,0.7353799999999994,0.8760909090909097
210,40000,0.525,06:30,12:48:00,0.544,0.0001,0.7312799999999995,0.8745095238095244
211,40000,0.5275,06:31,9:55:12,0.57,0.0001,0.7275099999999993,0.8730663507109011
212,40000,0.53,06:31,7:55:06,0.553,0.0001,0.7235899999999994,0.8715566037735855
213,40000,0.5325,06:31,6:16:42,0.552,0.0001,0.7195499999999995,0.8700563380281695
214,40000,0.535,06:31,5:39:45,0.547,0.0001,0.7155299999999994,0.8685467289719632
215,40000,0.5375,06:32,5:01:38,0.554,0.0001,0.7118199999999995,0.8670837209302331
216,40000,0.54,06:32,4:45:43,0.506,0.0001,0.7074299999999996,0.8654120370370376
217,40000,0.5425,06:34,10:57:43,0.58,0.0001,0.7039299999999994,0.864096774193549
218,40000,0.545,06:45,43:31:21,0.543,0.0001,0.6999699999999995,0.8626238532110098
219,40000,0.5475,06:46,31:30:06,0.572,0.0001,0.6964699999999996,0.8612968036529687
220,40000,0.55,06:46,23:17:07,0.556,0.0001,0.6929499999999996,0.8599090909090916
221,40000,0.5525,06:46,17:19:18,0.533,0.0001,0.6891999999999996,0.8584298642533943
222,40000,0.555,06:47,13:06:39,0.52,0.0001,0.6853499999999996,0.856905405405406
223,40000,0.5575,06:47,9:54:44,0.53,0.0001,0.6818699999999995,0.8554394618834087
224,40000,0.56,06:47,8:10:17,0.493,0.0001,0.6780299999999996,0.8538214285714292
225,40000,0.5625,06:47,6:46:24,0.499,0.0001,0.6742499999999996,0.852244444444445
226,40000,0.565,06:48,6:03:46,0.49,0.0001,0.6704699999999996,0.8506415929203547
227,40000,0.5675,06:48,5:15:32,0.482,0.0001,0.6662099999999995,0.849017621145375
228,40000,0.57,06:48,4:39:08,0.494,0.0001,0.6625599999999996,0.8474605263157902
229,40000,0.5725,06:49,4:36:02,0.5,0.0001,0.6589799999999996,0.8459432314410487
230,40000,0.575,07:02,48:19:48,0.504,0.0001,0.6553899999999996,0.844456521739131
231,40000,0.5775,07:03,35:03:40,0.5,0.0001,0.6517799999999996,0.8429653679653686
232,40000,0.58,07:03,25:34:01,0.528,0.0001,0.6486099999999996,0.8416077586206903
233,40000,0.5825,07:03,18:55:14,0.492,0.0001,0.6450599999999997,0.8401072961373396
234,40000,0.585,07:04,14:12:41,0.473,0.0001,0.6414699999999998,0.8385384615384621
235,40000,0.5875,07:04,10:57:14,0.515,0.0001,0.6383299999999997,0.8371617021276601
236,40000,0.59,07:04,8:39:22,0.491,0.0001,0.6350199999999998,0.8356949152542379
237,40000,0.5925,07:05,7:03:14,0.478,0.0001,0.6315699999999999,0.8341856540084394
238,40000,0.595,07:05,5:54:19,0.463,0.0001,0.6278999999999999,0.8326260504201687
239,40000,0.5975,07:05,5:05:57,0.47,0.0001,0.6244599999999998,0.8311087866108792
240,40000,0.6,07:05,4:19:55,0.49,0.0001,0.6213699999999999,0.8296875000000006
241,40000,0.6025,07:06,4:15:43,0.503,0.0001,0.6182799999999999,0.8283319502074694
242,40000,0.605,07:19,47:03:53,0.47,0.0001,0.6151599999999999,0.826851239669422
243,40000,0.6075,07:19,34:00:25,0.476,0.0001,0.6121399999999999,0.8254074074074079
244,40000,0.61,07:20,24:46:20,0.466,0.0001,0.6090899999999999,0.8239344262295087
245,40000,0.6125,07:20,18:16:50,0.473,0.0001,0.6061,0.8225020408163272
246,40000,0.615,07:20,13:31:58,0.448,0.0001,0.6027,0.8209796747967486
247,40000,0.6175,07:21,10:26:03,0.501,0.0001,0.5997699999999999,0.8196842105263165
248,40000,0.62,07:21,8:18:03,0.426,0.0001,0.5964,0.818096774193549
249,40000,0.6225,07:21,7:04:49,0.456,0.0001,0.5932400000000001,0.8166425702811251
250,40000,0.625,07:22,6:00:33,0.487,0.0001,0.5902900000000001,0.8153240000000005
251,40000,0.6275,07:22,5:13:39,0.458,0.0001,0.58735,0.8139003984063751
252,40000,0.63,07:22,4:53:49,0.517,0.0001,0.5851500000000001,0.8127222222222227
253,40000,0.6325,07:22,4:25:22,0.432,0.0001,0.5815300000000001,0.8112173913043482
254,40000,0.635,07:35,44:13:51,0.445,0.0001,0.5783800000000001,0.8097755905511815
255,40000,0.6375,07:35,32:15:17,0.446,0.0001,0.5755800000000001,0.8083490196078436
256,40000,0.64,07:36,23:37:55,0.452,0.0001,0.5727500000000001,0.8069570312500004
257,40000,0.6425,07:36,17:48:11,0.445,0.0001,0.5696800000000001,0.805548638132296
258,40000,0.645,07:36,13:28:18,0.435,0.0001,0.5667700000000001,0.8041124031007756
259,40000,0.6475,07:37,10:27:03,0.442,0.0001,0.5640500000000002,0.8027142857142862
260,40000,0.65,07:37,8:18:41,0.452,0.0001,0.5615500000000001,0.801365384615385
261,40000,0.6525,07:37,7:03:52,0.429,0.0001,0.5585900000000001,0.799938697318008
262,40000,0.655,07:38,5:58:19,0.457,0.0001,0.5561900000000002,0.7986297709923668
263,40000,0.6575,07:38,5:11:23,0.421,0.0001,0.5534300000000001,0.7971939163498102
264,40000,0.66,07:38,4:36:38,0.444,0.0001,0.5510500000000002,0.795856060606061
265,40000,0.6625,07:39,4:14:07,0.453,0.0001,0.5485800000000001,0.7945622641509437
266,40000,0.665,07:49,37:05:08,0.423,0.0001,0.5456800000000002,0.7931654135338349
267,40000,0.6675,07:50,30:37:29,0.425,0.0001,0.5428900000000001,0.791786516853933
268,40000,0.67,07:51,23:05:14,0.427,0.0001,0.5403600000000001,0.7904253731343287
269,40000,0.6725,07:51,17:26:28,0.442,0.0001,0.53769,0.7891301115241639
270,40000,0.675,07:51,13:13:12,0.38,0.0001,0.5347400000000001,0.7876148148148151
271,40000,0.6775,07:52,10:15:50,0.401,0.0001,0.5319700000000002,0.7861881918819192
272,40000,0.68,07:52,8:26:47,0.441,0.0001,0.5296900000000002,0.7849191176470592
273,40000,0.6825,07:52,6:56:58,0.386,0.0001,0.5268700000000003,0.7834578754578758
274,40000,0.685,07:53,6:10:32,0.451,0.0001,0.5247600000000002,0.7822445255474456
275,40000,0.6875,07:53,5:20:18,0.377,0.0001,0.5219400000000003,0.7807709090909095
276,40000,0.69,07:53,4:42:48,0.377,0.0001,0.5192100000000004,0.7793079710144931
277,40000,0.6925,07:54,4:19:10,0.392,0.0001,0.5165300000000004,0.7779097472924191
278,40000,0.695,08:09,52:39:58,0.403,0.0001,0.5141800000000004,0.776561151079137
279,40000,0.6975,08:09,38:09:12,0.414,0.0001,0.5118500000000005,0.7752616487455201
280,40000,0.7,08:09,27:59:48,0.418,0.0001,0.5098900000000005,0.7739857142857146
281,40000,0.7025,08:10,20:38:54,0.367,0.0001,0.5070600000000005,0.772537366548043
282,40000,0.705,08:10,15:44:11,0.391,0.0001,0.5047400000000004,0.7711843971631208
283,40000,0.7075,08:11,12:03:01,0.415,0.0001,0.5026400000000004,0.7699257950530037
284,40000,0.71,08:11,9:43:42,0.409,0.0001,0.5004700000000004,0.768654929577465
285,40000,0.7125,08:11,7:49:27,0.397,0.0001,0.4978100000000005,0.7673508771929827
286,40000,0.715,08:12,6:27:49,0.37,0.0001,0.4948300000000005,0.7659615384615387
287,40000,0.7175,08:12,5:31:23,0.416,0.0001,0.4927500000000004,0.7647421602787459
288,40000,0.72,08:12,4:50:04,0.344,0.0001,0.49016000000000043,0.7632812500000001
289,40000,0.7225,08:13,4:42:37,0.38,0.0001,0.4878800000000005,0.7619550173010382
290,40000,0.725,08:30,60:15:08,0.398,0.0001,0.4858500000000005,0.7607000000000002
291,40000,0.7275,08:30,43:07:31,0.366,0.0001,0.4832900000000005,0.7593436426116841
292,40000,0.73,08:30,31:12:10,0.356,0.0001,0.4806700000000005,0.7579623287671234
293,40000,0.7325,08:31,22:34:12,0.35,0.0001,0.4781900000000005,0.7565699658703073
294,40000,0.735,08:31,16:46:24,0.345,0.0001,0.47553000000000056,0.755170068027211
295,40000,0.7375,08:31,12:44:05,0.374,0.0001,0.4733400000000006,0.753877966101695
296,40000,0.74,08:31,9:55:28,0.369,0.0001,0.4711200000000006,0.7525777027027029
297,40000,0.7425,08:32,7:49:35,0.333,0.0001,0.46865000000000057,0.7511649831649833
298,40000,0.745,08:32,6:12:44,0.388,0.0001,0.46676000000000056,0.7499463087248324
299,40000,0.7475,08:32,5:21:15,0.352,0.0001,0.46430000000000055,0.7486153846153848
300,40000,0.75,08:33,4:41:52,0.356,0.0001,0.46184000000000064,0.7473066666666668
301,40000,0.7525,08:33,4:17:03,0.328,0.0001,0.45928000000000063,0.7459136212624586
302,40000,0.755,08:49,55:54:22,0.332,0.0001,0.4569900000000006,0.744543046357616
303,40000,0.7575,08:49,39:47:15,0.353,0.0001,0.4548900000000006,0.7432508250825084
304,40000,0.76,08:49,28:18:48,0.325,0.0001,0.45249000000000067,0.7418750000000001
305,40000,0.7625,08:49,20:26:20,0.379,0.0001,0.45070000000000066,0.7406852459016394
306,40000,0.765,08:50,14:57:45,0.332,0.0001,0.44837000000000066,0.7393496732026145
307,40000,0.7675,08:50,11:09:04,0.374,0.0001,0.44646000000000075,0.7381596091205213
308,40000,0.77,08:50,8:40:36,0.314,0.0001,0.4438700000000007,0.7367824675324676
309,40000,0.7725,08:50,6:47:47,0.326,0.0001,0.44152000000000075,0.7354530744336569
310,40000,0.775,08:50,5:41:34,0.324,0.0001,0.4393200000000007,0.734125806451613
311,40000,0.7775,08:51,4:41:46,0.34,0.0001,0.43702000000000074,0.7328585209003216
312,40000,0.78,08:51,4:14:44,0.332,0.0001,0.4348100000000008,0.731573717948718
313,40000,0.7825,08:51,3:58:25,0.312,0.0001,0.4324100000000008,0.7302332268370607
314,40000,0.785,09:04,45:07:20,0.322,0.0001,0.4301600000000008,0.7289331210191083
315,40000,0.7875,09:04,32:18:33,0.322,0.0001,0.42784000000000083,0.7276412698412699
316,40000,0.79,09:05,23:51:12,0.346,0.0001,0.4262400000000008,0.7264335443037976
317,40000,0.7925,09:05,17:42:19,0.296,0.0001,0.42340000000000083,0.7250757097791799
318,40000,0.795,09:05,13:40:58,0.331,0.0001,0.4212800000000009,0.7238364779874215
319,40000,0.7975,09:06,10:34:10,0.336,0.0001,0.4189200000000008,0.7226206896551725
320,40000,0.8,09:06,8:29:51,0.296,0.0001,0.41632000000000086,0.7212875000000001
321,40000,0.8025,09:06,6:54:41,0.304,0.0001,0.41403000000000084,0.71998753894081
322,40000,0.805,09:07,5:48:35,0.344,0.0001,0.4122700000000008,0.7188198757763975
323,40000,0.8075,09:07,5:05:51,0.3,0.0001,0.4099700000000008,0.7175232198142415
324,40000,0.81,09:07,4:48:39,0.338,0.0001,0.4084200000000008,0.7163518518518519
325,40000,0.8125,09:08,4:24:37,0.363,0.0001,0.40706000000000075,0.7152646153846154
326,40000,0.815,09:20,44:03:05,0.314,0.0001,0.4053000000000007,0.7140337423312884
327,40000,0.8175,09:20,31:52:20,0.32,0.0001,0.4036800000000007,0.71282874617737
328,40000,0.82,09:21,23:37:48,0.344,0.0001,0.40218000000000076,0.7117042682926829
329,40000,0.8225,09:21,17:51:00,0.339,0.0001,0.40057000000000076,0.7105714285714285
330,40000,0.825,09:21,13:31:02,0.287,0.0001,0.39840000000000075,0.7092878787878788
331,40000,0.8275,09:22,10:25:17,0.359,0.0001,0.3969900000000008,0.7082296072507553
332,40000,0.83,09:22,7:59:01,0.293,0.0001,0.39464000000000077,0.7069789156626506
333,40000,0.8325,09:22,6:29:41,0.29,0.0001,0.3926200000000008,0.7057267267267268
334,40000,0.835,09:22,5:15:43,0.347,0.0001,0.3913600000000008,0.7046526946107785
335,40000,0.8375,09:23,4:37:52,0.289,0.0001,0.38910000000000083,0.7034119402985075
336,40000,0.84,09:23,3:58:26,0.293,0.0001,0.3871200000000008,0.7021904761904763
337,40000,0.8425,09:23,4:00:58,0.294,0.0001,0.3852800000000008,0.700979228486647
338,40000,0.845,09:38,51:49:54,0.341,0.0001,0.3840600000000008,0.6999142011834321
339,40000,0.8475,09:38,37:13:51,0.291,0.0001,0.3822700000000008,0.69870796460177
340,40000,0.85,09:39,27:03:40,0.271,0.0001,0.38008000000000075,0.69745
341,40000,0.8525,09:39,19:53:51,0.308,0.0001,0.37813000000000074,0.696307917888563
342,40000,0.855,09:39,14:38:17,0.284,0.0001,0.3762700000000007,0.6951023391812865
343,40000,0.8575,09:39,11:09:06,0.291,0.0001,0.3744200000000007,0.6939241982507288
344,40000,0.86,09:40,8:33:09,0.301,0.0001,0.3727700000000007,0.692781976744186
345,40000,0.8625,09:40,6:57:13,0.269,0.0001,0.3707300000000007,0.6915536231884057
346,40000,0.865,09:40,5:52:28,0.305,0.0001,0.3693000000000007,0.6904364161849711
347,40000,0.8675,09:41,5:24:32,0.273,0.0001,0.3670200000000008,0.6892334293948127
348,40000,0.87,09:41,4:45:37,0.268,0.0001,0.36544000000000076,0.6880229885057471
349,40000,0.8725,09:41,4:00:10,0.271,0.0001,0.36359000000000075,0.6868280802292263
350,40000,0.875,09:52,38:27:54,0.292,0.0001,0.36164000000000074,0.6857
351,40000,0.8775,09:52,27:57:19,0.332,0.0001,0.36038000000000076,0.6846923076923076
352,40000,0.88,09:53,20:34:42,0.299,0.0001,0.35820000000000074,0.6835965909090909
353,40000,0.8825,09:53,15:23:48,0.275,0.0001,0.35663000000000067,0.6824390934844192
354,40000,0.885,09:53,11:43:51,0.271,0.0001,0.3548900000000007,0.681276836158192
355,40000,0.8875,09:54,9:10:47,0.291,0.0001,0.35334000000000065,0.6801774647887323
356,40000,0.89,09:54,7:25:06,0.253,0.0001,0.3513500000000007,0.6789775280898875
357,40000,0.8925,09:54,6:13:33,0.307,0.0001,0.3499700000000007,0.6779355742296918
358,40000,0.895,09:55,5:38:35,0.292,0.0001,0.3485400000000007,0.6768575418994411
359,40000,0.8975,09:55,4:59:18,0.247,0.0001,0.3465900000000007,0.6756601671309191
360,40000,0.9,09:55,4:26:20,0.26,0.0001,0.3446700000000007,0.6745055555555554
361,40000,0.9025,09:55,4:06:14,0.289,0.0001,0.3432700000000007,0.6734376731301938
362,40000,0.905,10:08,43:13:05,0.281,0.0001,0.34151000000000065,0.6723535911602209
363,40000,0.9075,10:08,31:14:44,0.256,0.0001,0.33986000000000066,0.6712066115702477
364,40000,0.91,10:08,22:49:51,0.258,0.0001,0.3380000000000007,0.6700714285714284
365,40000,0.9125,10:09,16:57:27,0.252,0.0001,0.3359900000000007,0.6689260273972601
366,40000,0.915,10:09,12:49:20,0.261,0.0001,0.33437000000000067,0.667811475409836
367,40000,0.9175,10:09,10:02:45,0.245,0.0001,0.3325700000000007,0.666659400544959
368,40000,0.92,10:09,8:16:26,0.286,0.0001,0.33116000000000073,0.6656249999999999
369,40000,0.9225,10:10,6:48:06,0.24,0.0001,0.3291400000000007,0.6644715447154471
370,40000,0.925,10:10,5:47:16,0.244,0.0001,0.3277800000000007,0.6633351351351351
371,40000,0.9275,10:11,5:23:24,0.232,0.0001,0.32609000000000066,0.6621725067385444
372,40000,0.93,10:11,5:00:57,0.244,0.0001,0.32412000000000063,0.6610483870967742
373,40000,0.9325,10:11,4:31:38,0.236,0.0001,0.3226200000000006,0.6599088471849864
374,40000,0.935,10:26,53:24:05,0.232,0.0001,0.32043000000000055,0.6587647058823528
375,40000,0.9375,10:27,38:24:28,0.257,0.0001,0.31923000000000057,0.6576933333333332
376,40000,0.94,10:27,28:06:50,0.26,0.0001,0.31806000000000056,0.6566356382978722
377,40000,0.9425,10:27,20:44:30,0.235,0.0001,0.3164900000000006,0.6555172413793102
378,40000,0.945,10:28,15:49:17,0.236,0.0001,0.31482000000000065,0.6544074074074073
379,40000,0.9475,10:28,12:19:52,0.25,0.0001,0.3131800000000006,0.6533403693931398
380,40000,0.95,10:29,9:41:22,0.237,0.0001,0.3113700000000006,0.6522447368421052
381,40000,0.9525,10:29,7:43:13,0.235,0.0001,0.3100500000000006,0.6511496062992125
382,40000,0.955,10:29,6:07:36,0.23,0.0001,0.3084400000000006,0.650047120418848
383,40000,0.9575,10:30,6:51:57,0.218,0.0001,0.3064700000000006,0.6489190600522192
384,40000,0.96,10:30,5:52:01,0.292,0.0001,0.3053000000000006,0.6479895833333332
385,40000,0.9625,10:31,5:23:44,0.22,0.0001,0.30353000000000063,0.6468779220779219
386,40000,0.965,10:44,46:41:34,0.24,0.0001,0.3022300000000006,0.645823834196891
387,40000,0.9675,10:44,33:43:01,0.231,0.0001,0.3003800000000006,0.644751937984496
388,40000,0.97,10:44,24:34:21,0.213,0.0001,0.2990700000000006,0.6436391752577318
389,40000,0.9725,10:44,18:11:22,0.239,0.0001,0.29766000000000065,0.6425989717223649
390,40000,0.975,10:45,13:38:48,0.203,0.0001,0.29571000000000064,0.6414717948717947
391,40000,0.9775,10:45,10:34:12,0.243,0.0001,0.29448000000000063,0.6404526854219947
392,40000,0.98,10:45,8:24:22,0.224,0.0001,0.2931600000000006,0.6393903061224488
393,40000,0.9825,10:46,6:52:47,0.205,0.0001,0.2917100000000006,0.6382849872773535
394,40000,0.985,10:46,5:46:59,0.228,0.0001,0.2905400000000006,0.6372436548223349
395,40000,0.9875,10:47,9:18:24,0.211,0.0001,0.2889100000000006,0.6361645569620252
396,40000,0.99,10:48,7:34:33,0.232,0.0001,0.2875400000000006,0.6351439393939393
397,40000,0.9925,10:48,6:32:47,0.237,0.0001,0.28658000000000056,0.6341410579345087
398,40000,0.995,11:00,44:31:28,0.215,0.0001,0.28485000000000055,0.6330879396984924
399,40000,0.9975,11:01,32:29:41,0.256,0.0001,0.2838900000000006,0.632142857142857
400,40000,1.0,11:01,24:02:50,0.253,0.0001,0.28286000000000056,0.6311949999999998
401,40000,1.0025,11:01,18:09:09,0.208,0.0001,0.2816600000000005,0.6301396508728179
402,40000,1.005,11:02,13:44:58,0.261,0.0001,0.28095000000000053,0.6292213930348257
403,40000,1.0075,11:02,10:39:10,0.228,0.0001,0.2797000000000005,0.6282258064516127
404,40000,1.01,11:03,8:44:31,0.202,0.0001,0.27847000000000055,0.6271707920792078
405,40000,1.0125,11:03,7:07:10,0.213,0.0001,0.27681000000000056,0.626148148148148
406,40000,1.015,11:03,5:59:54,0.208,0.0001,0.27557000000000054,0.625118226600985
407,40000,1.0175,11:03,5:10:51,0.269,0.0001,0.27452000000000054,0.6242432432432431
408,40000,1.02,11:04,4:16:49,0.206,0.0001,0.2734400000000005,0.6232181372549018
409,40000,1.0225,11:04,3:58:45,0.22,0.0001,0.2723800000000005,0.6222322738386307
410,40000,1.025,11:18,49:16:34,0.193,0.0001,0.2710700000000005,0.6211853658536585
411,40000,1.0275,11:18,35:28:22,0.214,0.0001,0.2698100000000005,0.6201946472019464
412,40000,1.03,11:19,25:49:41,0.269,0.0001,0.2691800000000005,0.6193422330097086
413,40000,1.0325,11:19,19:02:37,0.177,0.0001,0.26783000000000046,0.6182711864406778
414,40000,1.035,11:19,14:21:31,0.217,0.0001,0.26678000000000046,0.6173019323671497
415,40000,1.0375,11:20,11:00:48,0.202,0.0001,0.2655800000000005,0.616301204819277
416,40000,1.04,11:20,8:41:25,0.196,0.0001,0.2640800000000005,0.6152908653846153
417,40000,1.0425,11:20,7:04:31,0.209,0.0001,0.2632100000000005,0.6143165467625898
418,40000,1.045,11:20,5:56:58,0.229,0.0001,0.2621900000000005,0.6133947368421051
419,40000,1.0475,11:21,5:08:44,0.194,0.0001,0.2607700000000005,0.6123937947494033
420,40000,1.05,11:21,4:53:53,0.194,0.0001,0.2597500000000005,0.611397619047619
421,40000,1.0525,11:21,4:28:37,0.191,0.0001,0.25862000000000046,0.6103990498812351
422,40000,1.055,11:37,55:51:09,0.197,0.0001,0.25715000000000043,0.6094194312796207
423,40000,1.0575,11:38,39:49:38,0.205,0.0001,0.2562000000000004,0.6084633569739951
424,40000,1.06,11:38,29:08:32,0.197,0.0001,0.2547900000000004,0.6074929245283017
425,40000,1.0625,11:38,21:05:15,0.202,0.0001,0.25318000000000046,0.6065388235294116
426,40000,1.065,11:39,15:45:10,0.213,0.0001,0.25217000000000045,0.6056150234741783
427,40000,1.0675,11:39,12:02:27,0.202,0.0001,0.2509900000000005,0.6046697892271662
428,40000,1.07,11:39,9:23:32,0.207,0.0001,0.24962000000000045,0.6037406542056074
429,40000,1.0725,11:39,7:34:34,0.203,0.0001,0.24826000000000048,0.6028065268065267
430,40000,1.075,11:40,6:53:18,0.204,0.0001,0.24743000000000048,0.6018790697674418
431,40000,1.0775,11:40,5:49:20,0.241,0.0001,0.2462500000000005,0.6010417633410671
432,40000,1.08,11:41,5:06:48,0.238,0.0001,0.2457000000000005,0.6002013888888887
433,40000,1.0825,11:41,4:35:09,0.21,0.0001,0.2449000000000005,0.599300230946882
434,40000,1.085,11:56,51:37:52,0.214,0.0001,0.24357000000000048,0.5984124423963131
435,40000,1.0875,11:56,36:51:27,0.193,0.0001,0.2426100000000005,0.5974804597701147
436,40000,1.09,11:56,26:47:45,0.205,0.0001,0.24173000000000047,0.5965802752293575
437,40000,1.0925,11:56,19:59:48,0.212,0.0001,0.24091000000000048,0.5957002288329516
438,40000,1.095,11:57,15:00:59,0.202,0.0001,0.23952000000000048,0.5948013698630134
439,40000,1.0975,11:57,11:30:08,0.218,0.0001,0.23879000000000047,0.5939430523917992
440,40000,1.1,11:57,9:20:34,0.16,0.0001,0.23768000000000047,0.592956818181818
441,40000,1.1025,11:58,7:31:11,0.204,0.0001,0.2366400000000005,0.5920748299319726
442,40000,1.105,11:58,6:15:31,0.197,0.0001,0.23577000000000048,0.5911809954751129
443,40000,1.1075,11:58,5:05:26,0.186,0.0001,0.23472000000000048,0.5902663656884873
444,40000,1.11,11:58,4:15:38,0.193,0.0001,0.23364000000000051,0.5893716216216214
445,40000,1.1125,11:59,3:55:11,0.215,0.0001,0.23310000000000053,0.5885303370786513
446,40000,1.115,12:14,52:48:48,0.207,0.0001,0.23212000000000052,0.5876748878923763
447,40000,1.1175,12:14,37:59:59,0.212,0.0001,0.23151000000000052,0.5868344519015656
448,40000,1.12,12:15,27:34:01,0.205,0.0001,0.2308800000000005,0.5859821428571425
449,40000,1.1225,12:15,20:16:22,0.165,0.0001,0.2298200000000005,0.5850445434298437
450,40000,1.125,12:15,15:28:44,0.19,0.0001,0.22880000000000048,0.5841666666666663
451,40000,1.1275,12:16,11:49:29,0.179,0.0001,0.22727000000000047,0.5832682926829263
452,40000,1.13,12:16,9:01:06,0.162,0.0001,0.22590000000000046,0.5823362831858402
453,40000,1.1325,12:16,7:17:10,0.219,0.0001,0.22534000000000048,0.5815342163355404
454,40000,1.135,12:16,6:05:07,0.166,0.0001,0.2242900000000005,0.580618942731277
455,40000,1.1375,12:17,5:14:15,0.182,0.0001,0.22320000000000045,0.5797428571428567
456,40000,1.14,12:17,4:56:56,0.208,0.0001,0.22275000000000045,0.578927631578947
457,40000,1.1425,12:17,4:30:48,0.152,0.0001,0.22120000000000048,0.5779934354485773
458,40000,1.145,12:30,44:58:37,0.176,0.0001,0.22004000000000043,0.577115720524017
459,40000,1.1475,12:30,32:46:44,0.214,0.0001,0.21971000000000043,0.576324618736383
460,40000,1.15,12:31,23:40:14,0.19,0.0001,0.21901000000000043,0.5754847826086952
461,40000,1.1525,12:31,17:50:54,0.207,0.0001,0.2181900000000004,0.5746854663774399
462,40000,1.155,12:31,13:28:01,0.196,0.0001,0.21734000000000045,0.5738658008658004
463,40000,1.1575,12:32,10:23:42,0.185,0.0001,0.21663000000000043,0.5730259179265654
464,40000,1.16,12:32,8:14:20,0.197,0.0001,0.21602000000000043,0.5722155172413789
465,40000,1.1625,12:32,6:46:52,0.201,0.0001,0.21551000000000045,0.5714172043010749
466,40000,1.165,12:33,5:45:35,0.198,0.0001,0.21488000000000046,0.5706158798283257
467,40000,1.1675,12:33,5:01:20,0.2,0.0001,0.21443000000000045,0.5698222698072801
468,40000,1.17,12:33,4:28:20,0.165,0.0001,0.2132200000000004,0.5689572649572646
469,40000,1.1725,12:33,4:07:44,0.206,0.0001,0.21288000000000043,0.5681833688699357
470,40000,1.175,12:47,47:00:19,0.205,0.0001,0.2124900000000004,0.567410638297872
471,40000,1.1775,12:47,33:54:33,0.181,0.0001,0.21198000000000042,0.5665902335456472
472,40000,1.18,12:47,24:42:04,0.184,0.0001,0.21138000000000046,0.5657796610169488
473,40000,1.1825,12:48,18:00:38,0.164,0.0001,0.21066000000000046,0.5649302325581391
474,40000,1.185,12:48,13:36:30,0.218,0.0001,0.21052000000000046,0.5641983122362866
475,40000,1.1875,12:48,10:46:12,0.203,0.0001,0.20998000000000044,0.5634378947368417
476,40000,1.19,12:49,8:33:04,0.21,0.0001,0.20948000000000044,0.56269537815126
477,40000,1.1925,12:49,7:16:50,0.176,0.0001,0.2088900000000004,0.561884696016771
478,40000,1.195,12:49,6:11:30,0.231,0.0001,0.20884000000000044,0.5611924686192464
479,40000,1.1975,12:50,5:56:20,0.225,0.0001,0.20859000000000044,0.5604906054279746
480,40000,1.2,12:50,5:29:59,0.19,0.0001,0.20812000000000047,0.5597187499999996
481,40000,1.2025,12:51,5:05:39,0.196,0.0001,0.2077300000000005,0.5589625779625775
482,40000,1.205,13:06,52:40:26,0.162,0.0001,0.20705000000000048,0.5581390041493772
483,40000,1.2075,13:06,38:07:35,0.184,0.0001,0.2067100000000005,0.557364389233954
484,40000,1.21,13:06,27:41:22,0.158,0.0001,0.2053700000000005,0.5565392561983468
485,40000,1.2125,13:07,20:22:28,0.155,0.0001,0.2047200000000005,0.5557113402061852
486,40000,1.215,13:07,15:13:53,0.174,0.0001,0.20406000000000052,0.5549259259259255
487,40000,1.2175,13:07,11:41:55,0.144,0.0001,0.20319000000000048,0.5540821355236135
488,40000,1.22,13:07,9:10:31,0.144,0.0001,0.20250000000000046,0.5532418032786881
489,40000,1.2225,13:08,7:05:27,0.15,0.0001,0.20161000000000043,0.5524171779141099
490,40000,1.225,13:08,6:14:47,0.179,0.0001,0.20137000000000044,0.5516551020408158
491,40000,1.2275,13:08,5:22:38,0.167,0.0001,0.20061000000000045,0.550871690427698
492,40000,1.23,13:09,4:43:44,0.166,0.0001,0.20003000000000046,0.5500894308943084
493,40000,1.2325,13:09,4:21:58,0.159,0.0001,0.19957000000000047,0.5492961460446242
494,40000,1.235,13:22,45:28:42,0.169,0.0001,0.19898000000000046,0.5485263157894731
495,40000,1.2375,13:22,33:07:08,0.165,0.0001,0.19852000000000047,0.5477515151515145
496,40000,1.24,13:23,24:13:32,0.199,0.0001,0.19819000000000048,0.5470483870967736
497,40000,1.2425,13:23,17:55:19,0.172,0.0001,0.19754000000000052,0.5462937625754523
498,40000,1.245,13:23,13:31:06,0.167,0.0001,0.19706000000000054,0.5455321285140556
499,40000,1.2475,13:23,10:29:19,0.183,0.0001,0.19633000000000053,0.5448056112224443
500,40000,1.25,13:24,8:19:26,0.16,0.0001,0.19540000000000052,0.5440359999999995
501,40000,1.2525,13:24,6:51:52,0.175,0.0001,0.19507000000000055,0.5419459999999995
502,40000,1.255,13:24,6:01:23,0.183,0.0001,0.19429000000000055,0.5398919999999995
503,40000,1.2575,13:25,5:14:14,0.191,0.0001,0.19392000000000054,0.5380739999999994
504,40000,1.26,13:25,4:36:43,0.165,0.0001,0.1935500000000005,0.5362439999999995
505,40000,1.2625,13:25,4:13:41,0.13,0.0001,0.19272000000000047,0.5343639999999995
506,40000,1.265,13:38,44:06:16,0.14,0.0001,0.19204000000000052,0.5325439999999995
507,40000,1.2675,13:38,31:54:29,0.167,0.0001,0.19102000000000052,0.5308379999999994
508,40000,1.27,13:38,23:20:05,0.162,0.0001,0.19058000000000053,0.5291419999999993
509,40000,1.2725,13:39,17:37:49,0.154,0.0001,0.18992000000000053,0.5274099999999994
510,40000,1.275,13:39,13:17:59,0.164,0.0001,0.18963000000000055,0.5256779999999994
511,40000,1.2775,13:39,10:19:35,0.173,0.0001,0.18922000000000053,0.5240039999999995
512,40000,1.28,13:40,8:12:07,0.156,0.0001,0.18809000000000053,0.5222759999999995
513,40000,1.2825,13:40,7:00:37,0.132,0.0001,0.18764000000000056,0.5204999999999995
514,40000,1.285,13:41,6:16:46,0.144,0.0001,0.18691000000000055,0.5187679999999996
515,40000,1.2875,13:41,5:24:51,0.147,0.0001,0.18636000000000053,0.5170719999999995
516,40000,1.29,13:41,5:02:06,0.16,0.0001,0.1860000000000005,0.5153959999999996
517,40000,1.2925,13:42,4:31:05,0.156,0.0001,0.1854700000000005,0.5136679999999997
518,40000,1.295,13:56,50:14:50,0.148,0.0001,0.18466000000000052,0.5119239999999997
519,40000,1.2975,13:56,36:09:48,0.161,0.0001,0.18433000000000052,0.5102259999999996
520,40000,1.3,13:56,25:59:01,0.156,0.0001,0.18395000000000053,0.5085179999999997
521,40000,1.3025,13:57,18:50:51,0.143,0.0001,0.18347000000000055,0.5068079999999997
522,40000,1.305,13:57,13:50:51,0.177,0.0001,0.18327000000000054,0.5051419999999998
523,40000,1.3075,13:57,10:21:35,0.167,0.0001,0.18289000000000058,0.5034759999999997
524,40000,1.31,13:57,7:55:14,0.134,0.0001,0.1822600000000006,0.5017039999999997
525,40000,1.3125,13:57,6:45:50,0.175,0.0001,0.1819900000000006,0.5000139999999996
526,40000,1.315,13:58,5:29:37,0.131,0.0001,0.18117000000000058,0.4982979999999997
527,40000,1.3175,13:58,4:49:00,0.15,0.0001,0.18065000000000053,0.49660799999999966
528,40000,1.32,13:58,4:17:21,0.159,0.0001,0.18017000000000052,0.4949439999999996
529,40000,1.3225,13:59,3:45:21,0.165,0.0001,0.17979000000000053,0.4932779999999996
530,40000,1.325,14:09,37:28:49,0.147,0.0001,0.1792200000000005,0.4915719999999996
531,40000,1.3275,14:10,27:30:34,0.148,0.0001,0.1782900000000005,0.4898899999999996
532,40000,1.33,14:10,20:15:25,0.171,0.0001,0.1776200000000005,0.48826399999999953
533,40000,1.3325,14:10,15:26:51,0.142,0.0001,0.17694000000000049,0.48656199999999955
534,40000,1.335,14:11,12:10:50,0.14,0.0001,0.1762000000000005,0.4848019999999995
535,40000,1.3375,14:11,9:46:05,0.143,0.0001,0.1757000000000005,0.4830879999999995
536,40000,1.34,14:11,7:51:30,0.169,0.0001,0.17534000000000052,0.48138599999999954
537,40000,1.3425,14:12,6:50:21,0.162,0.0001,0.17484000000000052,0.47972599999999954
538,40000,1.345,14:12,6:04:25,0.152,0.0001,0.1743400000000005,0.4780299999999995
539,40000,1.3475,14:12,5:16:48,0.148,0.0001,0.17364000000000052,0.47634199999999954
540,40000,1.35,14:13,4:42:35,0.159,0.0001,0.1736300000000005,0.47466399999999953
541,40000,1.3525,14:13,4:15:22,0.143,0.0001,0.1730200000000005,0.47295399999999954
542,40000,1.355,14:30,59:14:03,0.138,0.0001,0.17243000000000053,0.4712099999999996
543,40000,1.3575,14:30,42:27:45,0.144,0.0001,0.1720100000000005,0.4694579999999996
544,40000,1.36,14:31,30:39:19,0.137,0.0001,0.1714500000000005,0.4677119999999996
545,40000,1.3625,14:31,22:07:40,0.149,0.0001,0.1707900000000005,0.4659899999999996
546,40000,1.365,14:31,16:10:38,0.156,0.0001,0.1702800000000005,0.4643199999999996
547,40000,1.3675,14:31,12:12:28,0.135,0.0001,0.1695100000000005,0.4626179999999996
548,40000,1.37,14:32,9:00:53,0.126,0.0001,0.16872000000000054,0.4608299999999996
549,40000,1.3725,14:32,7:10:00,0.169,0.0001,0.16876000000000055,0.45918399999999965
550,40000,1.375,14:32,5:45:05,0.13,0.0001,0.16816000000000053,0.45744799999999963
551,40000,1.3775,14:32,4:56:40,0.151,0.0001,0.16788000000000053,0.4557299999999997
552,40000,1.38,14:33,4:30:29,0.194,0.0001,0.16820000000000054,0.45407799999999965
553,40000,1.3825,14:33,4:23:20,0.186,0.0001,0.16787000000000052,0.4524539999999997
554,40000,1.385,14:50,59:34:41,0.151,0.0001,0.1677200000000005,0.45077199999999973
555,40000,1.3875,14:50,59:34:35,0.169,0.0001,0.16759000000000054,0.44910999999999973
556,40000,1.39,14:50,32:38:37,0.164,0.0001,0.16715000000000058,0.4474179999999997
557,40000,1.3925,14:51,24:50:57,0.137,0.0001,0.16700000000000056,0.4456919999999997
558,40000,1.395,14:51,18:53:47,0.154,0.0001,0.16678000000000057,0.4440179999999997
559,40000,1.3975,14:51,14:23:09,0.157,0.0001,0.16621000000000058,0.4423319999999997
560,40000,1.4,14:51,10:57:10,0.198,0.0001,0.16629000000000058,0.44070799999999977
561,40000,1.4025,14:51,8:28:00,0.16,0.0001,0.16582000000000058,0.4390359999999997
562,40000,1.405,14:52,6:40:44,0.12,0.0001,0.16506000000000057,0.4372759999999997
563,40000,1.4075,14:52,5:53:46,0.129,0.0001,0.1645000000000006,0.4355479999999997
564,40000,1.41,14:52,5:08:31,0.198,0.0001,0.1645100000000006,0.4339439999999997
565,40000,1.4125,14:53,4:34:48,0.136,0.0001,0.1638600000000006,0.4322299999999997
566,40000,1.415,15:05,43:42:06,0.148,0.0001,0.1633600000000006,0.4304859999999997
567,40000,1.4175,15:05,31:39:06,0.145,0.0001,0.1628100000000006,0.4287799999999998
568,40000,1.42,15:06,23:08:29,0.216,0.0001,0.1633200000000006,0.42721199999999976
569,40000,1.4225,15:06,17:09:00,0.131,0.0001,0.16257000000000063,0.42547999999999975
570,40000,1.425,15:06,12:43:38,0.126,0.0001,0.16178000000000065,0.42375199999999974
571,40000,1.4275,15:06,9:37:38,0.129,0.0001,0.16126000000000065,0.4219899999999997
572,40000,1.43,15:06,7:24:13,0.13,0.0001,0.16072000000000064,0.4202299999999997
573,40000,1.4325,15:07,6:03:27,0.164,0.0001,0.16072000000000064,0.4185579999999997
574,40000,1.435,15:07,4:58:14,0.186,0.0001,0.16040000000000063,0.4169499999999997
575,40000,1.4375,15:07,4:24:16,0.127,0.0001,0.15964000000000061,0.4152279999999997
576,40000,1.44,15:08,4:06:21,0.112,0.0001,0.1586600000000006,0.41343199999999974
577,40000,1.4425,15:08,3:52:55,0.144,0.0001,0.1583400000000006,0.4116999999999998
578,40000,1.445,15:22,50:19:00,0.145,0.0001,0.1574800000000006,0.41000799999999976
579,40000,1.4475,15:23,35:51:43,0.155,0.0001,0.15678000000000059,0.40834199999999976
580,40000,1.45,15:23,25:45:09,0.185,0.0001,0.1567300000000006,0.40673599999999976
581,40000,1.4525,15:23,18:41:36,0.157,0.0001,0.1563400000000006,0.40505999999999975
582,40000,1.455,15:23,13:43:28,0.129,0.0001,0.15601000000000056,0.40333799999999975
583,40000,1.4575,15:23,10:15:48,0.123,0.0001,0.15540000000000057,0.40159599999999973
584,40000,1.46,15:24,7:55:21,0.125,0.0001,0.1550700000000006,0.3998559999999997
585,40000,1.4625,15:24,6:31:06,0.145,0.0001,0.15497000000000058,0.39816799999999974
586,40000,1.465,15:24,5:33:08,0.108,0.0001,0.15431000000000059,0.39638399999999974
587,40000,1.4675,15:24,4:48:07,0.123,0.0001,0.1541000000000006,0.3946399999999997
588,40000,1.47,15:25,4:06:39,0.137,0.0001,0.15403000000000058,0.39293199999999967
589,40000,1.4725,15:25,4:05:53,0.111,0.0001,0.15364000000000058,0.39119599999999966
590,40000,1.475,15:36,39:58:24,0.141,0.0001,0.1532600000000006,0.3894879999999996
591,40000,1.4775,15:37,29:01:54,0.118,0.0001,0.1527700000000006,0.3877039999999996
592,40000,1.48,15:37,21:33:47,0.141,0.0001,0.1525200000000006,0.38601399999999964
593,40000,1.4825,15:37,16:09:17,0.142,0.0001,0.15235000000000057,0.3843439999999996
594,40000,1.485,15:38,12:15:27,0.172,0.0001,0.15238000000000057,0.3826679999999996
595,40000,1.4875,15:38,9:32:55,0.126,0.0001,0.1519900000000006,0.3809259999999996
596,40000,1.49,15:38,7:41:25,0.137,0.0001,0.1513700000000006,0.3791999999999996
597,40000,1.4925,15:39,6:22:09,0.166,0.0001,0.15131000000000058,0.37756799999999957
598,40000,1.495,15:39,5:23:35,0.121,0.0001,0.1508500000000006,0.3758359999999996
599,40000,1.4975,15:39,4:49:58,0.129,0.0001,0.15031000000000058,0.3740939999999996
600,40000,1.5,15:40,4:39:16,0.126,0.0001,0.14997000000000058,0.3723699999999996
601,40000,1.5025,15:40,4:34:17,0.124,0.0001,0.1494600000000006,0.3706179999999996
602,40000,1.505,15:54,49:34:16,0.14,0.0001,0.14903000000000058,0.36895399999999956
603,40000,1.5075,15:54,35:40:28,0.107,0.0001,0.14819000000000057,0.36722399999999955
604,40000,1.51,15:55,25:57:00,0.139,0.0001,0.1479300000000006,0.36554399999999954
605,40000,1.5125,15:55,19:23:41,0.156,0.0001,0.14819000000000057,0.3639459999999995
606,40000,1.515,15:55,14:34:32,0.133,0.0001,0.14812000000000058,0.36226399999999953
607,40000,1.5175,15:56,11:10:27,0.121,0.0001,0.1476600000000006,0.36060799999999954
608,40000,1.52,15:56,8:31:16,0.118,0.0001,0.14722000000000057,0.35889399999999955
609,40000,1.5225,15:56,6:53:35,0.159,0.0001,0.1472700000000006,0.3572939999999995
610,40000,1.525,15:56,5:49:59,0.138,0.0001,0.14701000000000058,0.35566199999999953
611,40000,1.5275,15:57,5:02:34,0.157,0.0001,0.1468500000000006,0.35408199999999956
612,40000,1.53,15:57,4:30:54,0.105,0.0001,0.14634000000000058,0.35240199999999955
613,40000,1.5325,15:57,3:54:16,0.139,0.0001,0.1464100000000006,0.3507679999999996
614,40000,1.535,16:11,46:42:32,0.113,0.0001,0.1461000000000006,0.3490959999999996
615,40000,1.5375,16:11,33:42:19,0.135,0.0001,0.14598000000000058,0.3475159999999995
616,40000,1.54,16:11,24:30:51,0.12,0.0001,0.14558000000000057,0.3458659999999995
617,40000,1.5425,16:12,18:07:05,0.154,0.0001,0.14556000000000055,0.3443139999999995
618,40000,1.545,16:12,13:38:54,0.125,0.0001,0.14533000000000057,0.34268599999999955
619,40000,1.5475,16:12,10:17:08,0.126,0.0001,0.14498000000000055,0.34109399999999956
620,40000,1.55,16:12,8:10:38,0.121,0.0001,0.14463000000000056,0.3395199999999996
621,40000,1.5525,16:13,6:40:26,0.0957,0.0001,0.14415700000000056,0.3378953999999996
622,40000,1.555,16:13,5:43:09,0.153,0.0001,0.14391700000000057,0.33639139999999956
623,40000,1.5575,16:13,5:13:19,0.134,0.0001,0.14358700000000058,0.3349033999999996
624,40000,1.56,16:14,4:41:16,0.109,0.0001,0.14333700000000058,0.3333673999999996
625,40000,1.5625,16:14,4:14:40,0.177,0.0001,0.14335700000000057,0.3319673999999995
626,40000,1.565,16:26,41:39:43,0.107,0.0001,0.14311700000000055,0.33044539999999956
627,40000,1.5675,16:26,30:12:45,0.127,0.0001,0.14288700000000054,0.3288833999999996
628,40000,1.57,16:26,22:06:48,0.167,0.0001,0.14296700000000054,0.3274993999999996
629,40000,1.5725,16:27,16:27:45,0.146,0.0001,0.14277700000000057,0.32607539999999957
630,40000,1.575,16:27,12:29:38,0.106,0.0001,0.14236700000000055,0.32456139999999956
631,40000,1.5775,16:27,9:44:59,0.169,0.0001,0.14257700000000056,0.32317739999999956
632,40000,1.58,16:28,7:46:54,0.121,0.0001,0.14207700000000056,0.3217293999999996
633,40000,1.5825,16:28,6:24:09,0.117,0.0001,0.1418270000000006,0.32026939999999954
634,40000,1.585,16:28,5:29:04,0.154,0.0001,0.1419670000000006,0.31891339999999957
635,40000,1.5875,16:28,4:48:36,0.15,0.0001,0.14203700000000058,0.31755539999999954
636,40000,1.59,16:29,4:24:55,0.185,0.0001,0.14219700000000057,0.31628139999999955
637,40000,1.5925,16:29,4:24:32,0.129,0.0001,0.14186700000000058,0.31489339999999955
638,40000,1.595,16:40,39:25:13,0.104,0.0001,0.14138700000000057,0.31344139999999954
639,40000,1.5975,16:41,28:38:32,0.122,0.0001,0.14112700000000056,0.3120573999999996
640,40000,1.6,16:41,21:18:30,0.123,0.0001,0.14076700000000056,0.3107053999999995
641,40000,1.6025,16:41,15:56:27,0.129,0.0001,0.14062700000000056,0.3093393999999995
642,40000,1.605,16:42,12:07:11,0.112,0.0001,0.14036700000000055,0.3079993999999995
643,40000,1.6075,16:42,9:30:21,0.134,0.0001,0.14026700000000056,0.30671139999999947
644,40000,1.61,16:42,7:53:59,0.112,0.0001,0.14001700000000056,0.3053933999999995
645,40000,1.6125,16:43,6:32:44,0.125,0.0001,0.13977700000000057,0.30409939999999946
646,40000,1.615,16:43,5:36:13,0.155,0.0001,0.13976700000000053,0.3028333999999995
647,40000,1.6175,16:43,5:09:47,0.136,0.0001,0.13977700000000054,0.30151739999999944
648,40000,1.62,16:44,4:40:31,0.112,0.0001,0.13963700000000054,0.3002153999999994
649,40000,1.6225,16:44,4:35:39,0.133,0.0001,0.13927700000000054,0.29893739999999946
650,40000,1.625,16:55,38:54:29,0.127,0.0001,0.13924700000000054,0.29762739999999943
651,40000,1.6275,16:55,28:13:07,0.142,0.0001,0.13915700000000053,0.29640739999999943
652,40000,1.63,16:55,20:43:53,0.123,0.0001,0.13844700000000054,0.2951793999999994
653,40000,1.6325,16:56,15:29:57,0.144,0.0001,0.13802700000000054,0.2938793999999994
654,40000,1.635,16:56,12:07:19,0.109,0.0001,0.13760700000000053,0.29257739999999943
655,40000,1.6375,16:56,9:30:02,0.127,0.0001,0.13718700000000053,0.29137939999999946
656,40000,1.64,16:57,7:39:14,0.11,0.0001,0.13664700000000052,0.2901293999999995
657,40000,1.6425,17:02,21:48:11,0.104,0.0001,0.13631700000000052,0.28883339999999946
658,40000,1.645,17:02,16:11:22,0.116,0.0001,0.13593700000000053,0.2876133999999995
659,40000,1.6475,17:02,12:03:14,0.121,0.0001,0.13557700000000053,0.2864273999999995
660,40000,1.65,17:03,9:21:59,0.12,0.0001,0.1347970000000005,0.28526339999999956
661,40000,1.6525,17:03,7:31:08,0.117,0.0001,0.1343670000000005,0.2840473999999995
662,40000,1.655,17:09,26:56:50,0.0967,0.0001,0.13413400000000053,0.2828467999999995
663,40000,1.6575,17:10,19:51:25,0.136,0.0001,0.13420400000000052,0.2817247999999995
664,40000,1.66,17:10,15:10:16,0.0998,0.0001,0.1332220000000005,0.2805603999999995
665,40000,1.6625,17:10,11:36:39,0.133,0.0001,0.13319200000000053,0.2794263999999995
666,40000,1.665,17:12,12:41:05,0.124,0.0001,0.13295200000000051,0.27824839999999956
667,40000,1.6675,17:12,10:13:35,0.101,0.0001,0.13251200000000055,0.2770423999999995
668,40000,1.67,17:13,8:09:58,0.128,0.0001,0.13163200000000055,0.2759383999999995
669,40000,1.6725,17:16,18:07:08,0.103,0.0001,0.13135200000000055,0.2747263999999995
670,40000,1.675,17:17,14:01:24,0.105,0.0001,0.13114200000000056,0.27358639999999945
671,40000,1.6775,17:17,10:47:13,0.117,0.0001,0.13102200000000055,0.27246439999999944
672,40000,1.68,17:17,8:29:43,0.129,0.0001,0.13101200000000054,0.2713843999999994
673,40000,1.6825,17:18,6:55:04,0.105,0.0001,0.13042200000000057,0.27025839999999934
674,40000,1.685,17:26,33:02:10,0.126,0.0001,0.12982200000000055,0.2691863999999994
675,40000,1.6875,17:27,24:25:24,0.146,0.0001,0.13001200000000057,0.26816039999999935
676,40000,1.69,17:27,18:06:45,0.144,0.0001,0.13033200000000056,0.26714839999999934
677,40000,1.6925,17:27,13:40:06,0.13,0.0001,0.13019200000000056,0.26608839999999934
678,40000,1.695,17:28,11:13:40,0.101,0.0001,0.1297520000000006,0.2650143999999993
679,40000,1.6975,17:28,9:25:34,0.111,0.0001,0.1293120000000006,0.26394239999999936
680,40000,1.7,17:29,7:36:42,0.145,0.0001,0.12891200000000058,0.26300439999999936
681,40000,1.7025,17:34,22:40:51,0.133,0.0001,0.12867200000000056,0.2619703999999994
682,40000,1.705,17:34,17:10:25,0.117,0.0001,0.12855200000000058,0.26095839999999937
683,40000,1.7075,17:34,12:46:25,0.112,0.0001,0.12844200000000058,0.25993239999999934
684,40000,1.71,17:35,10:11:41,0.119,0.0001,0.12838200000000058,0.2589183999999993
685,40000,1.7125,17:35,8:06:04,0.129,0.0001,0.12822200000000059,0.2578503999999993
686,40000,1.715,17:44,33:34:06,0.111,0.0001,0.1282520000000006,0.25673639999999925
687,40000,1.7175,17:44,24:47:27,0.122,0.0001,0.1282420000000006,0.2557323999999993
688,40000,1.72,17:44,18:37:45,0.0873,0.0001,0.1277450000000006,0.2547009999999993
689,40000,1.7225,17:45,13:46:04,0.149,0.0001,0.1281250000000006,0.2537829999999993
690,40000,1.725,17:45,10:34:55,0.113,0.0001,0.12784500000000057,0.2528069999999993
691,40000,1.7275,17:45,8:23:06,0.119,0.0001,0.12785500000000058,0.25180099999999933
692,40000,1.73,17:46,6:50:59,0.0935,0.0001,0.12738000000000058,0.2507519999999993
693,40000,1.7325,17:51,23:45:07,0.115,0.0001,0.12711000000000058,0.24978599999999931
694,40000,1.735,17:52,17:35:51,0.0949,0.0001,0.1263390000000006,0.2487537999999993
695,40000,1.7375,17:52,13:03:59,0.116,0.0001,0.1262390000000006,0.2477997999999993
696,40000,1.74,17:52,10:03:13,0.11,0.0001,0.12596900000000058,0.2468377999999993
697,40000,1.7425,17:52,8:03:34,0.104,0.0001,0.12534900000000057,0.2458857999999993
698,40000,1.745,18:02,36:03:47,0.0954,0.0001,0.12509300000000056,0.2449225999999993
699,40000,1.7475,18:02,26:12:15,0.103,0.0001,0.12483300000000057,0.2439325999999993
700,40000,1.75,18:02,19:19:29,0.146,0.0001,0.1250330000000006,0.24302059999999928
701,40000,1.7525,18:03,14:16:46,0.104,0.0001,0.12483300000000057,0.2420605999999993
702,40000,1.755,18:03,11:15:09,0.116,0.0001,0.12459300000000056,0.24117059999999926
703,40000,1.7575,18:03,8:54:09,0.156,0.0001,0.12508300000000058,0.24035659999999928
704,40000,1.76,18:04,7:30:03,0.113,0.0001,0.12482300000000057,0.23945259999999927
705,40000,1.7625,18:08,18:01:27,0.111,0.0001,0.12437300000000057,0.23855859999999926
706,40000,1.765,18:08,13:54:44,0.119,0.0001,0.12423300000000058,0.23766659999999928
707,40000,1.7675,18:08,10:27:07,0.121,0.0001,0.12423300000000058,0.23677859999999928
708,40000,1.77,18:09,8:33:04,0.142,0.0001,0.12447300000000057,0.23591659999999928
709,40000,1.7725,18:09,6:56:56,0.107,0.0001,0.12395300000000056,0.23500859999999926
710,40000,1.775,18:19,38:38:42,0.145,0.0001,0.12402300000000055,0.23421059999999927
711,40000,1.7775,18:19,28:04:02,0.116,0.0001,0.12361300000000056,0.23330259999999928
712,40000,1.78,18:20,20:33:21,0.143,0.0001,0.12399300000000055,0.2324825999999993
713,40000,1.7825,18:20,15:22:55,0.125,0.0001,0.12385300000000056,0.23162859999999927
714,40000,1.785,18:20,11:48:16,0.127,0.0001,0.12399300000000057,0.23078859999999926
715,40000,1.7875,18:21,9:29:10,0.156,0.0001,0.12420300000000058,0.22999259999999927
716,40000,1.79,18:21,7:40:53,0.112,0.0001,0.1241230000000006,0.22920459999999926
717,40000,1.7925,18:26,20:24:50,0.108,0.0001,0.12366300000000059,0.22826059999999926
718,40000,1.795,18:26,15:14:57,0.119,0.0001,0.12360300000000059,0.22741259999999927
719,40000,1.7975,18:26,11:39:55,0.105,0.0001,0.1233930000000006,0.22647859999999925
720,40000,1.8,18:27,9:08:52,0.101,0.0001,0.12319300000000061,0.22556859999999926
721,40000,1.8025,18:27,7:22:36,0.139,0.0001,0.1236260000000006,0.22478059999999925
722,40000,1.805,18:31,17:35:25,0.0996,0.0001,0.12309200000000059,0.22393979999999925
723,40000,1.8075,18:31,13:20:57,0.104,0.0001,0.12279200000000058,0.22308779999999925
724,40000,1.81,18:31,10:19:05,0.126,0.0001,0.12296200000000057,0.22235379999999927
725,40000,1.8125,18:32,8:14:02,0.101,0.0001,0.12220200000000059,0.22155779999999928
726,40000,1.815,18:32,6:59:28,0.119,0.0001,0.1223220000000006,0.22081579999999928
727,40000,1.8175,18:34,10:47:05,0.109,0.0001,0.12214200000000058,0.2200697999999993
728,40000,1.82,18:34,8:36:40,0.0984,0.0001,0.12145600000000059,0.21927859999999927
729,40000,1.8225,18:43,36:50:08,0.103,0.0001,0.12102600000000058,0.21848459999999925
730,40000,1.825,18:44,26:40:22,0.0911,0.0001,0.12087700000000058,0.21765879999999924
731,40000,1.8275,18:44,19:38:34,0.106,0.0001,0.12024700000000058,0.21687079999999923
732,40000,1.83,18:44,14:45:13,0.113,0.0001,0.12016700000000057,0.21604079999999923
733,40000,1.8325,18:45,11:17:54,0.125,0.0001,0.12024700000000056,0.21530679999999922
734,40000,1.835,18:46,12:07:57,0.0933,0.0001,0.11964000000000055,0.21454739999999922
735,40000,1.8375,18:46,9:50:33,0.0912,0.0001,0.11905200000000056,0.21369979999999922
736,40000,1.84,18:47,8:09:07,0.084,0.0001,0.11804200000000055,0.2128857999999992
737,40000,1.8425,18:47,6:41:57,0.128,0.0001,0.11803200000000055,0.21218579999999923
738,40000,1.845,18:49,10:17:27,0.129,0.0001,0.11828200000000055,0.21151779999999926
739,40000,1.8475,18:51,13:07:39,0.0992,0.0001,0.11805400000000056,0.21077619999999925
740,40000,1.85,18:51,10:29:58,0.156,0.0001,0.11838400000000057,0.21010819999999927
741,40000,1.8525,18:58,29:50:34,0.0893,0.0001,0.11798700000000056,0.20928079999999927
742,40000,1.855,18:59,25:13:02,0.106,0.0001,0.11792700000000057,0.20855279999999926
743,40000,1.8575,19:00,18:55:55,0.128,0.0001,0.11786700000000057,0.20785679999999926
744,40000,1.86,19:00,14:32:46,0.109,0.0001,0.11783700000000057,0.20714279999999927
745,40000,1.8625,19:00,11:12:00,0.0876,0.0001,0.11746300000000057,0.20637199999999925
746,40000,1.865,19:01,9:24:20,0.149,0.0001,0.11740300000000056,0.20577399999999926
747,40000,1.8675,19:01,8:12:45,0.101,0.0001,0.11705300000000057,0.20497399999999924
748,40000,1.87,19:02,6:44:12,0.127,0.0001,0.11720300000000058,0.20437599999999922
749,40000,1.8725,19:02,5:41:23,0.149,0.0001,0.11736300000000056,0.20376199999999922
750,40000,1.875,19:06,19:06:06,0.149,0.0001,0.11758300000000055,0.20308599999999924
751,40000,1.8775,19:08,19:15:45,0.0936,0.0001,0.11709900000000056,0.20235719999999924
752,40000,1.88,19:09,14:43:30,0.114,0.0001,0.11700900000000057,0.20155119999999926
753,40000,1.8825,19:18,40:45:55,0.132,0.0001,0.11688900000000058,0.20095119999999927
754,40000,1.885,19:18,29:47:39,0.114,0.0001,0.11693900000000058,0.20028919999999928
755,40000,1.8875,19:19,21:35:06,0.0899,0.0001,0.11656800000000057,0.19957699999999928
756,40000,1.89,19:19,16:02:51,0.0871,0.0001,0.11633900000000058,0.1988471999999993
757,40000,1.8925,19:19,12:12:22,0.0987,0.0001,0.11628600000000057,0.1981545999999993
758,40000,1.895,19:19,9:33:32,0.0948,0.0001,0.11607400000000057,0.19747419999999932
759,40000,1.8975,19:20,7:41:41,0.0944,0.0001,0.11580800000000056,0.19677899999999932
760,40000,1.9,19:20,6:36:56,0.138,0.0001,0.11598800000000058,0.19615099999999933
761,40000,1.9025,19:20,5:38:38,0.119,0.0001,0.11600800000000057,0.19553099999999932
762,40000,1.905,19:26,22:35:26,0.112,0.0001,0.11616100000000057,0.19484099999999932
763,40000,1.9075,19:30,26:58:31,0.1,0.0001,0.11580100000000057,0.1941989999999993
764,40000,1.91,19:30,20:26:12,0.123,0.0001,0.11603300000000055,0.1935569999999993
765,40000,1.9125,19:37,35:36:45,0.116,0.0001,0.11586300000000055,0.1928829999999993
766,40000,1.915,19:37,25:56:42,0.134,0.0001,0.11596300000000054,0.1923049999999993
767,40000,1.9175,19:37,19:24:24,0.13,0.0001,0.11625300000000055,0.1917149999999993
768,40000,1.92,19:37,14:17:26,0.108,0.0001,0.11605300000000054,0.19107699999999928
769,40000,1.9225,19:38,11:13:50,0.093,0.0001,0.11595300000000056,0.1903789999999993
770,40000,1.925,19:38,8:52:50,0.0928,0.0001,0.11583100000000054,0.18980459999999932
771,40000,1.9275,19:38,7:13:37,0.0888,0.0001,0.11554900000000055,0.18918019999999933
772,40000,1.93,19:39,6:03:08,0.109,0.0001,0.11534900000000055,0.18851619999999933
773,40000,1.9325,19:39,5:29:42,0.116,0.0001,0.11545900000000055,0.18797619999999932
774,40000,1.935,19:43,17:14:05,0.0927,0.0001,0.11512600000000056,0.18725959999999933
775,40000,1.9375,19:50,33:20:18,0.0973,0.0001,0.11463900000000056,0.18670019999999934
776,40000,1.94,19:50,24:17:01,0.129,0.0001,0.11448900000000055,0.18620419999999935
777,40000,1.9425,19:50,17:43:22,0.107,0.0001,0.11425900000000054,0.18563419999999936
778,40000,1.945,19:54,23:30:00,0.107,0.0001,0.11431900000000052,0.18504219999999935
779,40000,1.9475,19:54,17:25:19,0.117,0.0001,0.11437900000000052,0.18444819999999937
780,40000,1.95,19:54,13:26:35,0.0875,0.0001,0.11380400000000053,0.18378719999999935
781,40000,1.9525,19:55,10:24:23,0.123,0.0001,0.11370400000000053,0.18329919999999936
782,40000,1.955,19:55,8:18:32,0.0909,0.0001,0.11344300000000052,0.18269899999999936
783,40000,1.9575,19:55,7:04:57,0.0843,0.0001,0.11316600000000053,0.18203759999999936
784,40000,1.96,19:56,5:56:36,0.0954,0.0001,0.11293000000000053,0.18141039999999933
785,40000,1.9625,19:56,5:09:56,0.096,0.0001,0.11260000000000053,0.18080839999999931
786,40000,1.965,19:59,13:24:21,0.0902,0.0001,0.11239200000000052,0.1802487999999993
787,40000,1.9675,20:04,24:44:16,0.0982,0.0001,0.11215400000000052,0.17961319999999933
788,40000,1.97,20:04,18:19:36,0.0837,0.0001,0.11211800000000052,0.17909259999999932
789,40000,1.9725,20:08,25:33:29,0.128,0.0001,0.11190800000000052,0.17858859999999932
790,40000,1.975,20:13,35:29:04,0.105,0.0001,0.11182800000000054,0.17800259999999934
791,40000,1.9775,20:13,25:34:51,0.0988,0.0001,0.11162600000000054,0.17746819999999935
792,40000,1.98,20:14,18:49:27,0.138,0.0001,0.11207100000000053,0.17703219999999936
793,40000,1.9825,20:14,14:07:55,0.13,0.0001,0.11222100000000054,0.17659219999999937
794,40000,1.985,20:14,10:52:09,0.11,0.0001,0.11237200000000053,0.17612219999999937
795,40000,1.9875,20:15,8:17:33,0.128,0.0001,0.11249200000000054,0.17563019999999938
796,40000,1.99,20:15,6:46:31,0.114,0.0001,0.11253200000000055,0.1751201999999994
797,40000,1.9925,20:15,5:43:05,0.114,0.0001,0.11263200000000056,0.1746821999999994
798,40000,1.995,20:17,9:58:07,0.119,0.0001,0.11286800000000057,0.1741441999999994
799,40000,1.9975,20:17,8:15:38,0.101,0.0001,0.11284800000000057,0.17364219999999939
800,40000,2.0,20:18,6:46:17,0.11,0.0001,0.11248800000000056,0.1731501999999994
801,40000,2.0025,20:24,26:55:47,0.113,0.0001,0.11257800000000057,0.17272019999999938
802,40000,2.005,20:30,37:26:01,0.0946,0.0001,0.11236400000000056,0.17224539999999938
803,40000,2.0075,20:30,27:12:31,0.0938,0.0001,0.11174200000000056,0.1717269999999994
804,40000,2.01,20:31,19:58:18,0.0994,0.0001,0.11160600000000055,0.1712757999999994
805,40000,2.0125,20:31,14:58:33,0.122,0.0001,0.11171600000000055,0.1707617999999994
806,40000,2.015,20:31,11:32:39,0.114,0.0001,0.11166600000000056,0.17032579999999942
807,40000,2.0175,20:32,9:02:38,0.103,0.0001,0.11148600000000056,0.16978379999999943
808,40000,2.02,20:32,7:16:31,0.114,0.0001,0.11120600000000057,0.16938379999999945
809,40000,2.0225,20:32,6:20:55,0.106,0.0001,0.11119600000000057,0.16894379999999945
810,40000,2.025,20:34,9:44:41,0.085,0.0001,0.11059600000000058,0.16846579999999944
811,40000,2.0275,20:34,7:47:58,0.0952,0.0001,0.11038800000000058,0.16797619999999944
812,40000,2.03,20:35,6:24:59,0.108,0.0001,0.11003800000000058,0.16752819999999946
813,40000,2.0325,20:42,28:58:57,0.125,0.0001,0.11003800000000058,0.16715419999999948
814,40000,2.035,20:47,34:57:28,0.12,0.0001,0.10996800000000057,0.16675019999999946
815,40000,2.0375,20:47,25:48:39,0.102,0.0001,0.10942800000000057,0.16631019999999946
816,40000,2.04,20:47,19:21:35,0.104,0.0001,0.10934800000000056,0.16582619999999945
817,40000,2.0425,20:48,14:31:59,0.0987,0.0001,0.10925500000000055,0.16543159999999943
818,40000,2.045,20:48,11:09:40,0.147,0.0001,0.10953500000000055,0.16506359999999945
819,40000,2.0475,20:48,8:47:53,0.0981,0.0001,0.10946600000000055,0.16458779999999945
820,40000,2.05,20:49,7:08:34,0.094,0.0001,0.10939600000000053,0.16418379999999944
821,40000,2.0525,20:49,5:58:00,0.0948,0.0001,0.10895400000000054,0.16376539999999942
822,40000,2.055,20:54,22:27:55,0.096,0.0001,0.10891800000000053,0.16326939999999945
823,40000,2.0575,20:55,17:02:40,0.118,0.0001,0.10905800000000054,0.16290539999999945
824,40000,2.06,20:55,12:53:23,0.0941,0.0001,0.10873900000000054,0.16241759999999944
825,40000,2.0625,20:59,22:21:20,0.0976,0.0001,0.10870500000000054,0.16188679999999944
826,40000,2.065,21:01,22:52:19,0.0718,0.0001,0.10823300000000052,0.16140239999999945
827,40000,2.0675,21:02,17:16:23,0.0981,0.0001,0.10812400000000054,0.16095859999999948
828,40000,2.07,21:02,13:25:11,0.121,0.0001,0.10835000000000054,0.16051259999999948
829,40000,2.0725,21:03,10:43:11,0.129,0.0001,0.10861000000000054,0.1600925999999995
830,40000,2.075,21:03,8:48:45,0.11,0.0001,0.10879900000000052,0.15973859999999948
831,40000,2.0775,21:03,7:27:18,0.112,0.0001,0.10885900000000052,0.1592445999999995
832,40000,2.08,21:04,6:13:32,0.105,0.0001,0.10877900000000054,0.15886859999999947
833,40000,2.0825,21:04,5:18:16,0.0869,0.0001,0.10839800000000054,0.15846239999999948
834,40000,2.085,21:13,32:24:37,0.106,0.0001,0.10852500000000054,0.15798039999999947
835,40000,2.0875,21:13,24:39:43,0.102,0.0001,0.10863300000000053,0.15760639999999948
836,40000,2.09,21:14,18:16:04,0.0997,0.0001,0.10879000000000055,0.15721979999999947
837,40000,2.0925,21:17,22:12:25,0.131,0.0001,0.10882000000000054,0.15689379999999947
838,40000,2.095,21:19,23:22:38,0.108,0.0001,0.10861000000000055,0.15642779999999948
839,40000,2.0975,21:19,17:22:12,0.108,0.0001,0.10869800000000057,0.1560617999999995
840,40000,2.1,21:20,13:10:19,0.0873,0.0001,0.10801100000000056,0.15569439999999948
841,40000,2.1025,21:20,10:13:50,0.117,0.0001,0.10828800000000058,0.1553123999999995
842,40000,2.105,21:20,8:08:59,0.118,0.0001,0.10840800000000059,0.15498039999999946
843,40000,2.1075,21:21,6:54:41,0.0844,0.0001,0.10797200000000058,0.15456719999999946
844,40000,2.11,21:21,5:49:00,0.1,0.0001,0.10788200000000059,0.15416519999999945
845,40000,2.1125,21:21,5:02:49,0.102,0.0001,0.10802600000000058,0.15383119999999945
846,40000,2.115,21:33,40:25:38,0.124,0.0001,0.1077760000000006,0.15346919999999944
847,40000,2.1175,21:33,29:55:05,0.0902,0.0001,0.10766800000000058,0.15310359999999942
848,40000,2.12,21:33,21:57:40,0.077,0.0001,0.10716800000000058,0.15272159999999943
849,40000,2.1225,21:34,16:40:29,0.126,0.0001,0.10693800000000059,0.15243159999999945
850,40000,2.125,21:39,29:00:06,0.125,0.0001,0.10669800000000058,0.15209759999999944
851,40000,2.1275,21:39,21:33:09,0.0841,0.0001,0.10660300000000059,0.15160179999999945
852,40000,2.13,21:40,16:03:26,0.099,0.0001,0.10645300000000057,0.15120179999999944
853,40000,2.1325,21:40,12:14:33,0.0739,0.0001,0.10587200000000058,0.15079959999999942
854,40000,2.135,21:40,9:31:20,0.0814,0.0001,0.10554600000000057,0.15042039999999943
855,40000,2.1375,21:41,7:23:09,0.0815,0.0001,0.10546200000000057,0.15000139999999945
856,40000,2.14,21:41,5:49:57,0.0764,0.0001,0.10535500000000057,0.14964819999999945
857,40000,2.1425,21:41,5:01:44,0.0835,0.0001,0.10520300000000059,0.14920119999999945
858,40000,2.145,21:48,27:39:23,0.0928,0.0001,0.10518300000000061,0.14880279999999946
859,40000,2.1475,21:49,20:20:46,0.112,0.0001,0.1053590000000006,0.14853279999999944
860,40000,2.15,21:49,15:29:53,0.114,0.0001,0.10511900000000061,0.14824079999999945
861,40000,2.1525,21:49,11:33:51,0.107,0.0001,0.1049990000000006,0.14787679999999945
862,40000,2.155,21:54,22:43:29,0.0876,0.0001,0.10475500000000061,0.1474899999999994
863,40000,2.1575,21:54,17:12:48,0.124,0.0001,0.10499500000000062,0.1472259999999994
864,40000,2.16,21:55,13:01:32,0.129,0.0001,0.10505500000000062,0.14696799999999943
865,40000,2.1625,21:55,10:06:02,0.0943,0.0001,0.10483800000000063,0.14665259999999944
866,40000,2.165,21:58,17:13:31,0.106,0.0001,0.10455800000000062,0.14634259999999943
867,40000,2.1675,21:58,13:17:31,0.0883,0.0001,0.10414100000000062,0.14602919999999944
868,40000,2.17,21:59,10:19:06,0.0866,0.0001,0.10392700000000062,0.14563039999999944
869,40000,2.1725,21:59,8:29:44,0.0795,0.0001,0.1037920000000006,0.14530939999999945
870,40000,2.175,22:05,25:33:01,0.0863,0.0001,0.10372700000000061,0.14499399999999943
871,40000,2.1775,22:06,19:27:18,0.0912,0.0001,0.1037510000000006,0.14471239999999944
872,40000,2.18,22:06,14:20:55,0.085,0.0001,0.10351100000000062,0.14439439999999942
873,40000,2.1825,22:06,11:18:49,0.114,0.0001,0.10349100000000062,0.14415039999999943
874,40000,2.185,22:11,22:35:23,0.0831,0.0001,0.10339500000000061,0.14385259999999941
875,40000,2.1875,22:11,17:04:45,0.101,0.0001,0.10343200000000062,0.1435405999999994
876,40000,2.19,22:11,12:54:56,0.0975,0.0001,0.10311700000000062,0.1432155999999994
877,40000,2.1925,22:12,10:04:11,0.0867,0.0001,0.10291400000000063,0.14291899999999938
878,40000,2.195,22:14,16:10:23,0.0822,0.0001,0.10266600000000065,0.1426113999999994
879,40000,2.1975,22:15,12:20:13,0.0877,0.0001,0.10237300000000063,0.14228679999999938
880,40000,2.2,22:15,9:51:32,0.0987,0.0001,0.10248500000000062,0.14201019999999936
881,40000,2.2025,22:15,7:56:08,0.0879,0.0001,0.10213400000000063,0.14171599999999937
882,40000,2.205,22:26,39:25:46,0.0985,0.0001,0.10221000000000062,0.14145299999999938
883,40000,2.2075,22:26,28:37:10,0.0819,0.0001,0.10218600000000061,0.14118079999999938
884,40000,2.21,22:26,21:00:43,0.0902,0.0001,0.1021340000000006,0.14077719999999938
885,40000,2.2125,22:27,15:40:41,0.104,0.0001,0.1022140000000006,0.14054519999999937
886,40000,2.215,22:29,18:24:39,0.0721,0.0001,0.10203300000000061,0.1402093999999994
887,40000,2.2175,22:29,14:12:49,0.0752,0.0001,0.10180300000000062,0.1398977999999994
888,40000,2.22,22:30,10:57:35,0.0964,0.0001,0.1019300000000006,0.13966459999999942
889,40000,2.2225,22:30,8:56:24,0.0941,0.0001,0.1015910000000006,0.1393747999999994
890,40000,2.225,22:34,19:01:47,0.0843,0.0001,0.1013840000000006,0.13913739999999938
891,40000,2.2275,22:34,14:34:52,0.0815,0.0001,0.10121100000000059,0.13881439999999942
892,40000,2.23,22:35,11:13:13,0.0809,0.0001,0.10064000000000059,0.1385281999999994
893,40000,2.2325,22:35,8:49:56,0.0974,0.0001,0.10031400000000058,0.13831299999999938
894,40000,2.235,22:39,18:14:39,0.0885,0.0001,0.10009900000000059,0.1380339999999994
895,40000,2.2375,22:39,13:44:03,0.1,0.0001,0.09981900000000059,0.13781199999999938
896,40000,2.24,22:39,10:53:35,0.0949,0.0001,0.09962800000000058,0.13753779999999938
897,40000,2.2425,22:40,8:57:45,0.0825,0.0001,0.09931300000000057,0.13722879999999937
898,40000,2.245,22:48,31:21:49,0.078,0.0001,0.09890300000000057,0.13695479999999938
899,40000,2.2475,22:48,23:12:11,0.0841,0.0001,0.09873400000000056,0.1366109999999994
900,40000,2.25,22:48,17:15:06,0.0886,0.0001,0.09852000000000055,0.13628219999999938
901,40000,2.2525,22:49,13:03:04,0.0764,0.0001,0.09815400000000056,0.13601899999999942
902,40000,2.255,22:50,13:01:33,0.128,0.0001,0.09848800000000056,0.13575299999999943
903,40000,2.2575,22:50,10:08:14,0.158,0.0001,0.09913000000000055,0.13561299999999943
904,40000,2.26,22:50,8:20:43,0.0796,0.0001,0.09893200000000055,0.13536819999999944
905,40000,2.2625,22:51,6:53:06,0.0837,0.0001,0.09854900000000055,0.13510959999999944
906,40000,2.265,22:54,15:28:49,0.112,0.0001,0.09852900000000055,0.13491759999999942
907,40000,2.2675,22:54,12:08:18,0.0744,0.0001,0.09824300000000057,0.1345283999999994
908,40000,2.27,22:55,9:31:12,0.0791,0.0001,0.09789400000000055,0.13427459999999938
909,40000,2.2725,22:55,7:39:57,0.0869,0.0001,0.09770300000000055,0.1340083999999994
910,40000,2.275,23:06,42:14:16,0.114,0.0001,0.09799300000000055,0.1338503999999994
911,40000,2.2775,23:07,30:43:56,0.0879,0.0001,0.09792000000000055,0.13359819999999942
912,40000,2.28,23:07,22:12:18,0.0808,0.0001,0.09764800000000054,0.13322179999999942
913,40000,2.2825,23:07,16:32:11,0.131,0.0001,0.09770800000000054,0.13312979999999938
914,40000,2.285,23:08,12:50:41,0.0888,0.0001,0.09739600000000057,0.13287339999999942
915,40000,2.2875,23:08,9:43:02,0.0708,0.0001,0.09708400000000056,0.13261099999999942
916,40000,2.29,23:08,7:28:27,0.0901,0.0001,0.09694500000000056,0.13239919999999944
917,40000,2.2925,23:08,6:09:21,0.107,0.0001,0.09702800000000057,0.13219519999999943
918,40000,2.295,23:11,14:04:59,0.103,0.0001,0.09658800000000056,0.13194319999999943
919,40000,2.2975,23:12,11:05:59,0.114,0.0001,0.09674700000000057,0.13178319999999943
920,40000,2.3,23:12,8:47:45,0.123,0.0001,0.09703700000000057,0.13164119999999943
921,40000,2.3025,23:12,7:08:36,0.086,0.0001,0.09694900000000058,0.13143119999999942
922,40000,2.305,23:22,34:58:13,0.122,0.0001,0.09720900000000057,0.1312811999999994
923,40000,2.3075,23:22,25:25:45,0.118,0.0001,0.09720900000000057,0.1311071999999994
924,40000,2.31,23:22,19:03:46,0.105,0.0001,0.09731800000000058,0.1309231999999994
925,40000,2.3125,23:22,14:02:38,0.13,0.0001,0.09764200000000059,0.1307791999999994
926,40000,2.315,23:23,10:47:42,0.0768,0.0001,0.0976920000000006,0.13050679999999942
927,40000,2.3175,23:23,8:31:58,0.098,0.0001,0.0976910000000006,0.13029879999999944
928,40000,2.32,23:23,6:57:04,0.0785,0.0001,0.0972660000000006,0.13004179999999946
929,40000,2.3225,23:24,5:52:24,0.102,0.0001,0.09699600000000061,0.12983979999999945
930,40000,2.325,23:25,7:21:37,0.0946,0.0001,0.09684200000000061,0.12962099999999946
931,40000,2.3275,23:25,6:22:44,0.0916,0.0001,0.09663800000000061,0.12932219999999947
932,40000,2.33,23:25,5:27:35,0.114,0.0001,0.0967280000000006,0.12907419999999947
933,40000,2.3325,23:26,4:49:25,0.0856,0.0001,0.0967150000000006,0.12882539999999948
934,40000,2.335,23:38,44:45:42,0.0966,0.0001,0.09662100000000061,0.12859059999999947
935,40000,2.3375,23:39,32:52:35,0.0853,0.0001,0.09645400000000061,0.1283751999999995
936,40000,2.34,23:39,23:59:59,0.155,0.0001,0.09700700000000059,0.1282751999999995
937,40000,2.3425,23:39,17:47:39,0.0996,0.0001,0.0966930000000006,0.12805039999999948
938,40000,2.345,23:40,13:26:35,0.0882,0.0001,0.09649500000000061,0.1278227999999995
939,40000,2.3475,23:40,10:24:03,0.0843,0.0001,0.09625800000000061,0.12755539999999949
940,40000,2.35,23:40,8:32:05,0.104,0.0001,0.0964250000000006,0.12744339999999948
941,40000,2.3525,23:41,6:57:18,0.0871,0.0001,0.09612600000000057,0.12720959999999948
942,40000,2.355,23:41,5:53:35,0.108,0.0001,0.09602600000000057,0.12703159999999947
943,40000,2.3575,23:41,5:06:54,0.0706,0.0001,0.09588800000000058,0.12680079999999946
944,40000,2.36,23:42,4:49:08,0.0878,0.0001,0.09576600000000057,0.12659039999999946
945,40000,2.3625,23:42,4:39:57,0.0761,0.0001,0.09550700000000058,0.12631259999999947
946,40000,2.365,23:57,51:06:26,0.0941,0.0001,0.09520800000000057,0.12608679999999944
947,40000,2.3675,23:57,36:45:01,0.126,0.0001,0.09556600000000057,0.12591479999999944
948,40000,2.37,23:57,26:28:11,0.108,0.0001,0.09587600000000057,0.12572079999999944
949,40000,2.3725,23:58,19:30:08,0.12,0.0001,0.09581600000000057,0.12563079999999943
950,40000,2.375,23:58,14:35:51,0.0745,0.0001,0.09531100000000058,0.12539979999999945
951,40000,2.3775,23:58,11:11:20,0.0941,0.0001,0.09541100000000056,0.12522999999999943
952,40000,2.38,23:59,9:05:48,0.113,0.0001,0.09555100000000057,0.12513199999999944
953,40000,2.3825,23:59,7:20:01,0.0918,0.0001,0.09573000000000055,0.12487759999999944
954,40000,2.385,23:59,6:07:31,0.0953,0.0001,0.09586900000000055,0.12473619999999944
955,40000,2.3875,23:59,5:14:22,0.106,0.0001,0.09611400000000055,0.12458419999999944
956,40000,2.39,24:00,4:24:03,0.0681,0.0001,0.09603100000000055,0.12430439999999944
957,40000,2.3925,24:00,4:18:21,0.0805,0.0001,0.09600100000000054,0.12416139999999945
958,40000,2.395,24:15,51:56:29,0.0879,0.0001,0.09595200000000054,0.12398519999999943
959,40000,2.3975,24:15,37:13:08,0.0913,0.0001,0.09574500000000054,0.12373979999999943
960,40000,2.4,24:16,26:43:56,0.0705,0.0001,0.09531000000000052,0.12350079999999944
961,40000,2.4025,24:16,19:23:14,0.0629,0.0001,0.09486900000000054,0.12321259999999944
962,40000,2.405,24:16,14:14:37,0.0901,0.0001,0.09489400000000053,0.12300079999999944
963,40000,2.4075,24:16,10:53:10,0.0972,0.0001,0.09462600000000053,0.12282519999999944
964,40000,2.41,24:17,8:38:59,0.0703,0.0001,0.09403900000000054,0.12257179999999944
965,40000,2.4125,24:17,7:16:05,0.0772,0.0001,0.09386800000000052,0.12232419999999944
966,40000,2.415,24:17,6:06:50,0.0795,0.0001,0.09360300000000052,0.12208719999999944
967,40000,2.4175,24:18,5:31:48,0.078,0.0001,0.09350000000000051,0.12184319999999944
968,40000,2.42,24:18,4:50:59,0.0834,0.0001,0.0934680000000005,0.12167999999999944
969,40000,2.4225,24:18,4:23:02,0.0769,0.0001,0.09344200000000051,0.12142179999999944
970,40000,2.425,24:28,35:37:48,0.0887,0.0001,0.09346600000000051,0.12118919999999944
971,40000,2.4275,24:29,26:12:06,0.0954,0.0001,0.0935080000000005,0.12101799999999945
972,40000,2.43,24:29,19:20:47,0.0679,0.0001,0.09333700000000049,0.12078579999999946
973,40000,2.4325,24:29,14:31:56,0.0966,0.0001,0.09316300000000048,0.12065099999999945
974,40000,2.435,24:30,11:10:23,0.0855,0.0001,0.09318700000000048,0.12038599999999945
975,40000,2.4375,24:30,9:04:05,0.0976,0.0001,0.09315300000000047,0.12017519999999945
976,40000,2.44,24:30,7:21:38,0.0786,0.0001,0.09296400000000046,0.11991239999999945
977,40000,2.4425,24:31,6:26:59,0.113,0.0001,0.09322700000000045,0.11978639999999945
978,40000,2.445,24:31,5:28:48,0.0824,0.0001,0.09322900000000045,0.11948919999999945
979,40000,2.4475,24:31,4:47:17,0.081,0.0001,0.09316200000000045,0.11920119999999945
980,40000,2.45,24:32,4:22:08,0.104,0.0001,0.09321500000000045,0.11902919999999945
981,40000,2.4525,24:32,4:21:08,0.12,0.0001,0.09353600000000045,0.11887719999999945
982,40000,2.455,24:46,49:51:35,0.0832,0.0001,0.09338300000000045,0.11871959999999944
983,40000,2.4575,24:47,36:10:41,0.0806,0.0001,0.09337000000000045,0.11851279999999945
984,40000,2.46,24:47,26:18:33,0.0982,0.0001,0.09345000000000046,0.11839319999999944
985,40000,2.4625,24:47,19:22:36,0.0665,0.0001,0.09307500000000048,0.11821619999999944
986,40000,2.465,24:48,14:50:05,0.0724,0.0001,0.09307800000000047,0.11801299999999944
987,40000,2.4675,24:48,11:23:07,0.0876,0.0001,0.09320200000000047,0.11790019999999944
988,40000,2.47,24:48,8:58:41,0.132,0.0001,0.09355800000000046,0.11787619999999945
989,40000,2.4725,24:49,7:17:07,0.0987,0.0001,0.09360400000000046,0.11777359999999945
990,40000,2.475,24:49,6:04:09,0.124,0.0001,0.09400100000000046,0.11766359999999945
991,40000,2.4775,24:49,5:29:25,0.0645,0.0001,0.09383100000000047,0.11745859999999946
992,40000,2.48,24:50,4:50:12,0.0701,0.0001,0.09372300000000047,0.11726679999999945
993,40000,2.4825,24:50,4:24:34,0.134,0.0001,0.09408900000000048,0.11721679999999945
994,40000,2.485,25:05,51:48:18,0.108,0.0001,0.09428400000000048,0.11709479999999946
995,40000,2.4875,25:05,37:32:29,0.0685,0.0001,0.09396900000000048,0.11690179999999946
996,40000,2.49,25:06,27:35:45,0.0732,0.0001,0.09375200000000047,0.11665019999999945
997,40000,2.4925,25:06,20:17:46,0.0769,0.0001,0.09369600000000049,0.11645999999999947
998,40000,2.495,25:06,15:13:38,0.0722,0.0001,0.0936380000000005,0.11627039999999947
999,40000,2.4975,25:07,11:53:32,0.0927,0.0001,0.0937240000000005,0.11608979999999947
1000,40000,2.5,25:07,9:18:47,0.1,0.0001,0.0938380000000005,0.11596979999999948
1001,40000,2.5025,25:07,7:30:51,0.106,0.0001,0.09413400000000051,0.11583179999999949
1002,40000,2.505,25:08,6:12:17,0.0882,0.0001,0.09373600000000051,0.11564219999999949
1003,40000,2.5075,25:08,5:21:46,0.104,0.0001,0.09319600000000051,0.11546819999999948
1004,40000,2.51,25:08,4:42:23,0.096,0.0001,0.09336000000000051,0.11533019999999948
1005,40000,2.5125,25:09,4:33:14,0.0809,0.0001,0.09333200000000051,0.11523199999999947
1006,40000,2.515,25:25,54:54:46,0.0707,0.0001,0.09291900000000052,0.11509339999999947
1007,40000,2.5175,25:25,39:02:09,0.0838,0.0001,0.09301300000000051,0.11492699999999946
1008,40000,2.52,25:25,28:01:52,0.109,0.0001,0.0933120000000005,0.11482099999999948
1009,40000,2.5225,25:25,20:32:00,0.103,0.0001,0.0934730000000005,0.11471899999999947
1010,40000,2.525,25:26,15:19:57,0.105,0.0001,0.0933830000000005,0.11460099999999945
1011,40000,2.5275,25:26,11:24:22,0.0692,0.0001,0.09319600000000051,0.11439339999999946
1012,40000,2.53,25:26,9:00:17,0.0756,0.0001,0.0931440000000005,0.11423259999999946
1013,40000,2.5325,25:27,7:33:33,0.0849,0.0001,0.0926830000000005,0.11413839999999946
1014,40000,2.535,25:27,6:19:12,0.0846,0.0001,0.09264100000000049,0.11401959999999947
1015,40000,2.5375,25:27,5:22:34,0.0792,0.0001,0.09272500000000049,0.11388399999999947
1016,40000,2.54,25:27,4:45:19,0.0813,0.0001,0.0926370000000005,0.11372659999999948
1017,40000,2.5425,25:28,4:18:31,0.107,0.0001,0.0926370000000005,0.11362859999999948
1018,40000,2.545,25:41,45:31:34,0.101,0.0001,0.0926170000000005,0.11353459999999947
1019,40000,2.5475,25:41,32:53:40,0.101,0.0001,0.09248700000000051,0.11341459999999946
1020,40000,2.55,25:41,23:54:45,0.0845,0.0001,0.09210200000000052,0.11327159999999947
1021,40000,2.5525,25:42,17:27:46,0.0891,0.0001,0.09213300000000052,0.11316379999999947
1022,40000,2.555,25:42,13:10:49,0.0669,0.0001,0.09158200000000052,0.11294359999999946
1023,40000,2.5575,25:42,10:10:06,0.105,0.0001,0.09145200000000052,0.11281959999999945
1024,40000,2.56,25:42,7:50:26,0.0799,0.0001,0.09120100000000052,0.11271139999999946
1025,40000,2.5625,25:43,6:41:35,0.0773,0.0001,0.0906740000000005,0.11251599999999946
1026,40000,2.565,25:43,5:42:39,0.119,0.0001,0.0910960000000005,0.11249199999999947
1027,40000,2.5675,25:43,4:57:51,0.106,0.0001,0.09117600000000049,0.11240399999999948
1028,40000,2.57,25:44,4:24:05,0.0715,0.0001,0.09110600000000049,0.11222899999999947
1029,40000,2.5725,25:44,4:05:50,0.108,0.0001,0.0911660000000005,0.11211499999999947
1030,40000,2.575,25:58,46:40:41,0.0757,0.0001,0.09097700000000049,0.11197239999999947
1031,40000,2.5775,25:58,33:39:44,0.0816,0.0001,0.0908770000000005,0.11183959999999947
1032,40000,2.58,25:58,24:33:34,0.103,0.0001,0.09076700000000049,0.11170359999999947
1033,40000,2.5825,25:58,18:08:35,0.0859,0.0001,0.0907700000000005,0.11159139999999947
1034,40000,2.585,25:59,13:40:51,0.0762,0.0001,0.0905660000000005,0.11146379999999946
1035,40000,2.5875,25:59,10:34:19,0.0767,0.0001,0.0904800000000005,0.11133119999999946
1036,40000,2.59,25:59,8:24:18,0.0801,0.0001,0.0897310000000005,0.11115339999999949
1037,40000,2.5925,26:00,7:05:46,0.0649,0.0001,0.08938400000000049,0.11095919999999948
1038,40000,2.595,26:00,5:41:22,0.085,0.0001,0.0893520000000005,0.11082519999999949
1039,40000,2.5975,26:00,4:56:05,0.0893,0.0001,0.08940200000000048,0.11070779999999948
1040,40000,2.6,26:00,4:09:48,0.0703,0.0001,0.08906500000000049,0.11053039999999949
1041,40000,2.6025,26:01,3:51:58,0.0701,0.0001,0.0888950000000005,0.11038459999999949
1042,40000,2.605,26:15,49:45:18,0.104,0.0001,0.08885500000000049,0.11031659999999949
1043,40000,2.6075,26:16,35:47:11,0.0645,0.0001,0.08879400000000048,0.1101575999999995
1044,40000,2.61,26:16,25:59:44,0.0737,0.0001,0.0886530000000005,0.11003099999999949
1045,40000,2.6125,26:16,18:54:48,0.0967,0.0001,0.0888590000000005,0.1099263999999995
1046,40000,2.615,26:16,14:28:15,0.0816,0.0001,0.08873400000000049,0.10977759999999949
1047,40000,2.6175,26:17,11:06:45,0.0764,0.0001,0.0882380000000005,0.10966039999999949
1048,40000,2.62,26:17,8:44:49,0.12,0.0001,0.08835800000000049,0.1096483999999995
1049,40000,2.6225,26:17,7:07:03,0.0711,0.0001,0.08786900000000049,0.10945259999999951
1050,40000,2.625,26:18,6:00:13,0.0708,0.0001,0.08783200000000049,0.10933419999999949
1051,40000,2.6275,26:18,5:26:09,0.0864,0.0001,0.08775500000000049,0.10920499999999948
1052,40000,2.63,26:18,4:48:07,0.0783,0.0001,0.0874080000000005,0.10897359999999948
1053,40000,2.6325,26:19,4:36:24,0.0723,0.0001,0.08721300000000051,0.10874619999999947
1054,40000,2.635,26:30,39:15:39,0.0957,0.0001,0.08721700000000052,0.10863559999999947
1055,40000,2.6375,26:30,28:30:10,0.101,0.0001,0.08716700000000052,0.10849959999999947
1056,40000,2.64,26:30,20:52:17,0.065,0.0001,0.08713600000000053,0.10830159999999947
1057,40000,2.6425,26:31,15:34:42,0.112,0.0001,0.08745100000000053,0.10825159999999948
1058,40000,2.645,26:34,21:18:56,0.0945,0.0001,0.08751700000000052,0.10813259999999945
1059,40000,2.6475,26:34,16:12:23,0.0963,0.0001,0.08756700000000052,0.10801119999999946
1060,40000,2.65,26:35,12:19:27,0.0749,0.0001,0.08761100000000052,0.10776499999999946
1061,40000,2.6525,26:35,9:34:55,0.0766,0.0001,0.0877480000000005,0.10759819999999946
1062,40000,2.655,26:35,7:42:40,0.0937,0.0001,0.08778400000000051,0.10754559999999946
1063,40000,2.6575,26:36,6:23:53,0.096,0.0001,0.0877720000000005,0.10747959999999947
1064,40000,2.66,26:36,5:43:40,0.062,0.0001,0.0876890000000005,0.10720759999999946
1065,40000,2.6625,26:36,4:59:42,0.085,0.0001,0.08776700000000051,0.10710559999999945
1066,40000,2.665,26:50,47:16:26,0.0737,0.0001,0.08770900000000052,0.10695699999999946
1067,40000,2.6675,26:50,34:09:01,0.062,0.0001,0.08754900000000053,0.10679099999999944
1068,40000,2.67,26:50,24:50:33,0.0922,0.0001,0.08763700000000053,0.10654339999999944
1069,40000,2.6725,26:51,18:40:08,0.0753,0.0001,0.08762100000000053,0.10643199999999943
1070,40000,2.675,26:54,24:05:51,0.0783,0.0001,0.08751700000000055,0.10633659999999943
1071,40000,2.6775,26:54,17:54:03,0.0852,0.0001,0.08741500000000055,0.10624899999999944
1072,40000,2.68,26:55,13:27:55,0.075,0.0001,0.08748600000000055,0.10613899999999944
1073,40000,2.6825,26:55,10:22:31,0.0696,0.0001,0.08721600000000054,0.10595019999999944
1074,40000,2.685,26:55,8:14:57,0.0669,0.0001,0.08703000000000055,0.10571199999999943
1075,40000,2.6875,26:56,6:43:47,0.0818,0.0001,0.08687200000000055,0.10562159999999943
1076,40000,2.69,26:56,5:43:42,0.0573,0.0001,0.08665900000000054,0.10551219999999942
1077,40000,2.6925,26:56,5:15:41,0.0732,0.0001,0.08626100000000055,0.10537059999999943
1078,40000,2.695,27:05,30:37:28,0.0652,0.0001,0.08608900000000055,0.10521099999999942
1079,40000,2.6975,27:05,22:44:26,0.0622,0.0001,0.08590100000000056,0.10502539999999941
1080,40000,2.7,27:05,16:53:06,0.0689,0.0001,0.08555000000000057,0.1047931999999994
1081,40000,2.7025,27:06,12:45:57,0.0815,0.0001,0.08516500000000057,0.10464219999999941
1082,40000,2.705,27:13,31:24:17,0.0934,0.0001,0.08526700000000059,0.10457099999999941
1083,40000,2.7075,27:13,22:53:31,0.11,0.0001,0.08556100000000058,0.10454499999999942
1084,40000,2.71,27:13,16:40:32,0.0782,0.0001,0.08536100000000058,0.10445139999999943
1085,40000,2.7125,27:13,12:21:13,0.116,0.0001,0.08585600000000058,0.10439339999999941
1086,40000,2.715,27:14,9:37:27,0.0761,0.0001,0.08589300000000058,0.10432959999999941
1087,40000,2.7175,27:14,7:41:47,0.0646,0.0001,0.08566300000000059,0.10421279999999943
1088,40000,2.72,27:14,6:19:02,0.0744,0.0001,0.08508700000000059,0.1040875999999994
1089,40000,2.7225,27:14,5:23:36,0.107,0.0001,0.08517000000000059,0.10407959999999941
1090,40000,2.725,27:20,20:17:50,0.0769,0.0001,0.0846990000000006,0.10395139999999943
1091,40000,2.7275,27:20,15:33:12,0.0829,0.0001,0.0848830000000006,0.10388119999999942
1092,40000,2.73,27:20,12:07:18,0.0778,0.0001,0.08496000000000059,0.10375479999999944
1093,40000,2.7325,27:21,9:30:30,0.0953,0.0001,0.08457300000000059,0.10366139999999943
1094,40000,2.735,27:31,40:23:53,0.0788,0.0001,0.08428100000000058,0.10347499999999944
1095,40000,2.7375,27:31,29:12:33,0.0771,0.0001,0.08436700000000057,0.10337719999999945
1096,40000,2.74,27:32,21:23:10,0.084,0.0001,0.08447500000000056,0.10327119999999945
1097,40000,2.7425,27:32,15:38:10,0.0778,0.0001,0.08448400000000056,0.10309479999999947
1098,40000,2.745,27:32,11:58:36,0.0821,0.0001,0.08458300000000056,0.10301699999999946
1099,40000,2.7475,27:32,9:18:14,0.069,0.0001,0.08434600000000056,0.10289699999999946
1100,40000,2.75,27:33,7:28:58,0.078,0.0001,0.08412600000000056,0.10280099999999948
1101,40000,2.7525,27:33,5:53:53,0.0747,0.0001,0.08381300000000057,0.10270239999999947
1102,40000,2.755,27:37,17:26:32,0.115,0.0001,0.08408100000000056,0.10265239999999948
1103,40000,2.7575,27:37,13:13:30,0.11,0.0001,0.08414100000000056,0.10265839999999947
1104,40000,2.76,27:38,10:10:42,0.0952,0.0001,0.08413300000000057,0.10257079999999946
1105,40000,2.7625,27:38,8:23:31,0.0939,0.0001,0.08426300000000056,0.10244659999999946
1106,40000,2.765,27:49,40:32:07,0.122,0.0001,0.08477600000000056,0.10242459999999946
1107,40000,2.7675,27:49,29:26:16,0.0819,0.0001,0.08475700000000055,0.10234639999999945
1108,40000,2.77,27:49,21:54:03,0.0776,0.0001,0.08444300000000055,0.10226559999999944
1109,40000,2.7725,27:50,16:33:39,0.0744,0.0001,0.08415700000000056,0.10209639999999943
1110,40000,2.775,27:50,12:37:29,0.0673,0.0001,0.08378000000000055,0.10195499999999945
1111,40000,2.7775,27:50,9:48:49,0.0811,0.0001,0.08389900000000054,0.10180319999999946
1112,40000,2.78,27:51,8:05:14,0.1,0.0001,0.08414300000000054,0.10179319999999946
1113,40000,2.7825,27:51,6:40:46,0.0569,0.0001,0.08386300000000055,0.10162899999999946
1114,40000,2.785,27:52,6:17:30,0.0802,0.0001,0.08381900000000055,0.10156339999999944
1115,40000,2.7875,27:52,5:39:02,0.0755,0.0001,0.08378200000000055,0.10144439999999945
1116,40000,2.79,27:52,4:56:39,0.107,0.0001,0.08403900000000053,0.10141839999999945
1117,40000,2.7925,27:53,4:25:52,0.0671,0.0001,0.08364000000000055,0.10124459999999945
1118,40000,2.795,28:07,51:02:33,0.082,0.0001,0.08345000000000054,0.10115859999999945
1119,40000,2.7975,28:08,36:26:35,0.0922,0.0001,0.08336200000000053,0.10109099999999946
1120,40000,2.8,28:08,26:25:25,0.068,0.0001,0.08319700000000052,0.10098499999999945
1121,40000,2.8025,28:08,19:09:58,0.0848,0.0001,0.08315400000000052,0.10096319999999945
1122,40000,2.805,28:08,14:05:59,0.0822,0.0001,0.08330700000000052,0.10082159999999946
1123,40000,2.8075,28:09,10:47:22,0.0655,0.0001,0.08291200000000051,0.10068459999999944
1124,40000,2.81,28:09,8:17:08,0.0943,0.0001,0.08305600000000052,0.10065519999999945
1125,40000,2.8125,28:09,6:42:53,0.143,0.0001,0.08371300000000054,0.10058719999999945
1126,40000,2.815,28:11,10:49:23,0.0854,0.0001,0.08337700000000053,0.10054399999999944
1127,40000,2.8175,28:11,8:32:47,0.0821,0.0001,0.08313800000000054,0.10045419999999944
1128,40000,2.82,28:12,6:56:53,0.0786,0.0001,0.08320900000000053,0.10027739999999943
1129,40000,2.8225,28:12,5:35:17,0.0896,0.0001,0.08302500000000053,0.10016459999999942
1130,40000,2.825,28:21,33:20:07,0.0791,0.0001,0.08305900000000055,0.10011079999999942
1131,40000,2.8275,28:21,24:35:29,0.0817,0.0001,0.08306000000000054,0.09993619999999942
1132,40000,2.83,28:22,18:14:10,0.0947,0.0001,0.08297700000000054,0.09988359999999942
1133,40000,2.8325,28:22,13:42:31,0.0685,0.0001,0.08280300000000054,0.09978659999999942
1134,40000,2.835,28:22,10:35:41,0.0843,0.0001,0.08288400000000054,0.09964719999999941
1135,40000,2.8375,28:22,8:20:15,0.0708,0.0001,0.08282500000000054,0.09948879999999942
1136,40000,2.84,28:23,6:34:20,0.0688,0.0001,0.08271200000000054,0.09925639999999941
1137,40000,2.8425,28:23,5:29:11,0.0915,0.0001,0.08297800000000054,0.09918139999999943
1138,40000,2.845,28:27,15:11:18,0.0869,0.0001,0.08299700000000053,0.09914719999999944
1139,40000,2.8475,28:27,11:35:28,0.0669,0.0001,0.08277300000000054,0.09903699999999942
1140,40000,2.85,28:27,9:25:37,0.103,0.0001,0.08310000000000053,0.09899699999999943
1141,40000,2.8525,28:28,7:36:29,0.0824,0.0001,0.08322300000000053,0.09890379999999943
1142,40000,2.855,28:35,28:57:32,0.0792,0.0001,0.08297500000000055,0.09883819999999943
1143,40000,2.8575,28:35,21:12:24,0.0746,0.0001,0.08307600000000054,0.09871939999999943
1144,40000,2.86,28:35,15:48:33,0.0863,0.0001,0.08320200000000053,0.09866799999999942
1145,40000,2.8625,28:36,12:05:22,0.0655,0.0001,0.08289000000000053,0.09854899999999943
1146,40000,2.865,28:36,9:23:50,0.062,0.0001,0.08269400000000053,0.09836299999999942
1147,40000,2.8675,28:36,7:35:14,0.0627,0.0001,0.08255700000000052,0.09821639999999941
1148,40000,2.87,28:37,6:32:47,0.0922,0.0001,0.08227900000000053,0.0981767999999994
1149,40000,2.8725,28:37,5:18:14,0.0845,0.0001,0.08241300000000054,0.0980797999999994
1150,40000,2.875,28:45,29:54:56,0.0739,0.0001,0.08244400000000054,0.0979735999999994
1151,40000,2.8775,28:45,21:53:57,0.0869,0.0001,0.08244900000000055,0.09786339999999939
1152,40000,2.88,28:46,16:16:21,0.0842,0.0001,0.08250800000000053,0.0977857999999994
1153,40000,2.8825,28:46,12:23:21,0.0764,0.0001,0.08254900000000052,0.0976505999999994
1154,40000,2.885,28:51,23:51:52,0.0976,0.0001,0.08256800000000052,0.09762779999999939
1155,40000,2.8875,28:51,17:43:40,0.0824,0.0001,0.08238200000000051,0.09753859999999939
1156,40000,2.89,28:51,13:22:24,0.0657,0.0001,0.0823890000000005,0.0974499999999994
1157,40000,2.8925,28:52,10:36:26,0.061,0.0001,0.0818790000000005,0.0973639999999994
1158,40000,2.895,28:52,8:25:57,0.0677,0.0001,0.0816110000000005,0.0972673999999994
1159,40000,2.8975,28:52,7:08:50,0.0818,0.0001,0.08146600000000051,0.0971889999999994
1160,40000,2.9,28:53,6:02:15,0.102,0.0001,0.08173700000000052,0.09715299999999939
1161,40000,2.9025,28:53,5:27:02,0.086,0.0001,0.08183100000000053,0.0970909999999994
1162,40000,2.905,29:02,34:17:42,0.072,0.0001,0.08161400000000052,0.09704159999999941
1163,40000,2.9075,29:03,25:00:10,0.104,0.0001,0.08169400000000052,0.0969775999999994
1164,40000,2.91,29:03,18:25:38,0.108,0.0001,0.08215400000000052,0.09699399999999939
1165,40000,2.9125,29:03,13:51:15,0.0907,0.0001,0.08221100000000052,0.09690939999999938
1166,40000,2.915,29:07,20:07:13,0.108,0.0001,0.08255400000000052,0.09687739999999936
1167,40000,2.9175,29:07,15:02:15,0.0943,0.0001,0.08287700000000052,0.09686399999999937
1168,40000,2.92,29:07,12:04:16,0.077,0.0001,0.08272500000000052,0.09676199999999936
1169,40000,2.9225,29:08,9:27:06,0.0865,0.0001,0.08283700000000051,0.09672899999999936
1170,40000,2.925,29:08,7:52:55,0.0492,0.0001,0.08254600000000051,0.09661739999999937
1171,40000,2.9275,29:08,6:32:17,0.0661,0.0001,0.08235500000000051,0.09651559999999937
1172,40000,2.93,29:09,5:34:42,0.0675,0.0001,0.08228000000000053,0.09639259999999937
1173,40000,2.9325,29:09,4:48:38,0.0661,0.0001,0.08224500000000054,0.09631479999999938
1174,40000,2.935,29:20,38:41:34,0.059,0.0001,0.08216600000000053,0.09618079999999939
1175,40000,2.9375,29:20,28:37:20,0.0755,0.0001,0.08210300000000054,0.09603979999999937
1176,40000,2.94,29:21,21:01:52,0.0824,0.0001,0.08235400000000054,0.09591659999999938
1177,40000,2.9425,29:21,15:43:27,0.0806,0.0001,0.08242800000000054,0.09581779999999937
1178,40000,2.945,29:26,27:28:46,0.0929,0.0001,0.08270500000000053,0.09580159999999936
1179,40000,2.9475,29:26,20:15:32,0.0833,0.0001,0.08291600000000052,0.09574619999999938
1180,40000,2.95,29:27,15:08:55,0.0904,0.0001,0.08313100000000054,0.09563699999999938
1181,40000,2.9525,29:27,11:29:33,0.0909,0.0001,0.08322500000000053,0.09555279999999937
1182,40000,2.955,29:27,9:00:54,0.0862,0.0001,0.08315300000000052,0.09549119999999936
1183,40000,2.9575,29:27,7:16:50,0.0771,0.0001,0.08282400000000052,0.09542139999999937
1184,40000,2.96,29:28,6:06:46,0.075,0.0001,0.0827920000000005,0.09533339999999937
1185,40000,2.9625,29:28,5:15:02,0.0966,0.0001,0.08259800000000052,0.09526859999999938
1186,40000,2.965,29:37,31:26:45,0.0812,0.0001,0.08264900000000053,0.09520899999999939
1187,40000,2.9675,29:37,23:02:18,0.116,0.0001,0.08316300000000051,0.0951969999999994
1188,40000,2.97,29:37,17:21:51,0.0718,0.0001,0.0831370000000005,0.0951659999999994
1189,40000,2.9725,29:38,13:07:22,0.112,0.0001,0.08318700000000051,0.0950919999999994
1190,40000,2.975,29:44,30:16:56,0.0722,0.0001,0.08314000000000052,0.09501039999999941
1191,40000,2.9775,29:45,22:26:32,0.0874,0.0001,0.08318500000000052,0.09494719999999941
1192,40000,2.98,29:45,16:39:12,0.0679,0.0001,0.08308600000000052,0.09489599999999941
1193,40000,2.9825,29:45,12:19:39,0.0829,0.0001,0.08296200000000052,0.09483179999999942
1194,40000,2.985,29:45,9:20:12,0.11,0.0001,0.08327400000000053,0.09486199999999942
1195,40000,2.9875,29:46,7:28:50,0.113,0.0001,0.08363300000000053,0.09485599999999941
1196,40000,2.99,29:46,6:29:00,0.099,0.0001,0.08378300000000052,0.0948339999999994
1197,40000,2.9925,29:46,5:15:03,0.126,0.0001,0.08426500000000052,0.09487799999999941
1198,40000,2.995,29:53,25:01:28,0.0924,0.0001,0.08436800000000051,0.0948719999999994
1199,40000,2.9975,29:53,19:02:53,0.0859,0.0001,0.08453700000000051,0.0948377999999994
1200,40000,3.0,29:54,14:23:55,0.0984,0.0001,0.08474100000000051,0.0947425999999994
1201,40000,3.0025,29:54,11:18:32,0.0885,0.0001,0.08487900000000051,0.09471159999999941
1202,40000,3.005,29:58,21:30:11,0.0752,0.0001,0.08448100000000051,0.09462999999999941
1203,40000,3.0075,29:59,16:18:17,0.0688,0.0001,0.08406900000000052,0.09445559999999942
1204,40000,3.01,29:59,12:09:57,0.0754,0.0001,0.08387100000000051,0.09438039999999942
1205,40000,3.0125,29:59,9:28:03,0.0801,0.0001,0.08373300000000052,0.09431859999999943
1206,40000,3.015,29:59,7:35:44,0.0669,0.0001,0.08318200000000052,0.09421439999999943
1207,40000,3.0175,30:00,6:33:35,0.0684,0.0001,0.08304700000000054,0.09410919999999942
1208,40000,3.02,30:00,5:32:54,0.0622,0.0001,0.08289300000000054,0.09394959999999941
1209,40000,3.0225,30:00,4:50:57,0.0885,0.0001,0.08303400000000054,0.09391259999999942
1210,40000,3.025,30:10,33:50:13,0.0785,0.0001,0.08314600000000054,0.09377959999999941
1211,40000,3.0275,30:10,24:58:08,0.0668,0.0001,0.08300300000000055,0.09368119999999941
1212,40000,3.03,30:11,18:43:29,0.0763,0.0001,0.08276600000000055,0.09354779999999942
1213,40000,3.0325,30:11,14:25:47,0.0938,0.0001,0.08313500000000054,0.09348539999999941
1214,40000,3.035,30:16,26:52:27,0.0817,0.0001,0.08315000000000054,0.0933947999999994
1215,40000,3.0375,30:16,19:32:51,0.0665,0.0001,0.08306000000000054,0.0932157999999994
1216,40000,3.04,30:17,14:52:00,0.0678,0.0001,0.08266800000000055,0.0931273999999994
1217,40000,3.0425,30:17,11:25:30,0.0721,0.0001,0.08271800000000055,0.0930555999999994
1218,40000,3.045,30:17,8:58:31,0.0725,0.0001,0.08262300000000054,0.0929625999999994
1219,40000,3.0475,30:18,7:32:17,0.0733,0.0001,0.08243400000000055,0.0928991999999994
1220,40000,3.05,30:18,6:33:31,0.0801,0.0001,0.08255500000000054,0.09285739999999941
1221,40000,3.0525,30:19,5:55:22,0.065,0.0001,0.08235700000000054,0.0927093999999994
1222,40000,3.055,30:25,24:52:15,0.0651,0.0001,0.08218600000000054,0.0926403999999994
1223,40000,3.0575,30:25,18:21:40,0.0958,0.0001,0.08248900000000053,0.0926239999999994
1224,40000,3.06,30:26,14:04:11,0.057,0.0001,0.08211600000000054,0.0924859999999994
1225,40000,3.0625,30:26,10:50:01,0.0522,0.0001,0.08120800000000053,0.09238839999999941
1226,40000,3.065,30:30,19:34:40,0.0864,0.0001,0.08121800000000051,0.0923231999999994
1227,40000,3.0675,30:30,14:40:12,0.0844,0.0001,0.08124100000000052,0.0922739999999994
1228,40000,3.07,30:30,11:15:14,0.0806,0.0001,0.08126100000000053,0.0922383999999994
1229,40000,3.0725,30:31,8:50:11,0.0835,0.0001,0.08120000000000052,0.0921993999999994
1230,40000,3.075,30:31,8:27:18,0.0917,0.0001,0.08132600000000051,0.09220059999999941
1231,40000,3.0775,30:32,7:14:20,0.0693,0.0001,0.08120200000000052,0.09212719999999941
1232,40000,3.08,30:32,6:19:06,0.0691,0.0001,0.08094600000000053,0.09203939999999941
1233,40000,3.0825,30:32,5:22:17,0.0722,0.0001,0.08098300000000053,0.09193379999999941
1234,40000,3.085,30:44,40:17:48,0.0803,0.0001,0.08094300000000051,0.09190779999999941
1235,40000,3.0875,30:44,29:26:15,0.0776,0.0001,0.08101100000000053,0.09188059999999941
1236,40000,3.09,30:44,21:35:11,0.0674,0.0001,0.08099700000000051,0.0918473999999994
1237,40000,3.0925,30:45,16:04:59,0.0688,0.0001,0.08077000000000051,0.09172899999999941
1238,40000,3.095,30:49,24:10:38,0.0672,0.0001,0.0805730000000005,0.0916053999999994
1239,40000,3.0975,30:49,17:56:44,0.0645,0.0001,0.08054900000000051,0.09153599999999941
1240,40000,3.1,30:49,13:50:16,0.0706,0.0001,0.08022500000000052,0.09136519999999941
1241,40000,3.1025,30:50,10:56:27,0.0588,0.0001,0.07998900000000052,0.09130419999999939
1242,40000,3.105,30:52,14:25:49,0.11,0.0001,0.08029700000000052,0.0913121999999994
1243,40000,3.1075,30:52,11:23:34,0.0679,0.0001,0.08023000000000051,0.0911919999999994
1244,40000,3.11,30:53,8:39:38,0.0641,0.0001,0.08000800000000051,0.0911021999999994
1245,40000,3.1125,30:53,7:03:41,0.0803,0.0001,0.0801560000000005,0.0910875999999994
1246,40000,3.115,31:01,32:23:58,0.0671,0.0001,0.08020700000000051,0.0909237999999994
1247,40000,3.1175,31:02,23:55:13,0.0835,0.0001,0.08041500000000053,0.09088879999999941
1248,40000,3.12,31:02,17:42:45,0.0744,0.0001,0.08023700000000053,0.0907835999999994
1249,40000,3.1225,31:02,13:21:43,0.0709,0.0001,0.08010100000000053,0.0906273999999994
1250,40000,3.125,31:05,17:06:24,0.0598,0.0001,0.07996000000000052,0.0904489999999994
1251,40000,3.1275,31:05,12:58:46,0.077,0.0001,0.07986100000000051,0.0904157999999994
1252,40000,3.13,31:05,10:03:29,0.0704,0.0001,0.07972300000000052,0.0903285999999994
1253,40000,3.1325,31:06,8:00:33,0.0745,0.0001,0.07970400000000051,0.09021359999999941
1254,40000,3.135,31:06,6:54:51,0.0736,0.0001,0.07946400000000052,0.0901327999999994
1255,40000,3.1375,31:06,6:03:28,0.0749,0.0001,0.07938900000000051,0.0901027999999994
1256,40000,3.14,31:07,5:13:38,0.0815,0.0001,0.07954700000000052,0.0900915999999994
1257,40000,3.1425,31:07,4:21:21,0.0624,0.0001,0.07956100000000052,0.09001899999999939
1258,40000,3.145,31:18,39:08:22,0.0616,0.0001,0.07950000000000053,0.0899525999999994
1259,40000,3.1475,31:18,28:40:41,0.0879,0.0001,0.07956100000000052,0.08993959999999938
1260,40000,3.15,31:19,20:49:03,0.0717,0.0001,0.07925800000000052,0.08980699999999939
1261,40000,3.1525,31:19,15:29:45,0.0664,0.0001,0.07906200000000052,0.0897017999999994
1262,40000,3.155,31:23,23:04:56,0.0695,0.0001,0.07903700000000051,0.08961679999999939
1263,40000,3.1575,31:23,17:11:17,0.0973,0.0001,0.07897000000000051,0.08961139999999938
1264,40000,3.16,31:24,13:17:16,0.0658,0.0001,0.07854800000000052,0.08949699999999938
1265,40000,3.1625,31:24,10:15:35,0.0671,0.0001,0.07831200000000052,0.0893991999999994
1266,40000,3.165,31:24,8:09:33,0.0802,0.0001,0.07803400000000052,0.08929159999999939
1267,40000,3.1675,31:24,6:40:02,0.0888,0.0001,0.07797900000000052,0.08920919999999938
1268,40000,3.17,31:25,5:39:21,0.0841,0.0001,0.07805000000000052,0.08916139999999939
1269,40000,3.1725,31:25,5:11:19,0.0594,0.0001,0.07777900000000053,0.08909419999999937
1270,40000,3.175,31:36,39:28:49,0.0675,0.0001,0.07796200000000052,0.08904359999999939
1271,40000,3.1775,31:37,28:39:35,0.0902,0.0001,0.07820300000000052,0.0890463999999994
1272,40000,3.18,31:37,21:00:57,0.0947,0.0001,0.07847500000000053,0.0890177999999994
1273,40000,3.1825,31:37,15:37:42,0.0693,0.0001,0.07850700000000053,0.08892439999999939
1274,40000,3.185,31:41,22:57:22,0.0702,0.0001,0.07861900000000052,0.08887939999999939
1275,40000,3.1875,31:41,16:59:16,0.0838,0.0001,0.07870200000000054,0.08885239999999939
1276,40000,3.19,31:41,12:49:02,0.077,0.0001,0.07864800000000054,0.0887483999999994
1277,40000,3.1925,31:42,9:57:49,0.0866,0.0001,0.07870800000000053,0.08870759999999939
1278,40000,3.195,31:42,7:56:55,0.0781,0.0001,0.07856000000000052,0.08864979999999939
1279,40000,3.1975,31:42,6:12:19,0.0746,0.0001,0.07847300000000051,0.08856499999999938
1280,40000,3.2,31:43,5:20:03,0.0607,0.0001,0.07817600000000052,0.08851139999999938
1281,40000,3.2025,31:43,4:40:24,0.0646,0.0001,0.07791300000000052,0.08839459999999938
1282,40000,3.205,31:51,29:28:56,0.0827,0.0001,0.07787800000000052,0.0883781999999994
1283,40000,3.2075,31:51,21:52:49,0.0785,0.0001,0.07789200000000053,0.08836659999999939
1284,40000,3.21,31:52,16:18:33,0.0649,0.0001,0.07779100000000053,0.0883055999999994
1285,40000,3.2125,31:52,12:23:18,0.0926,0.0001,0.07775100000000053,0.0882987999999994
1286,40000,3.215,31:55,19:35:30,0.0706,0.0001,0.07764500000000052,0.0882595999999994
1287,40000,3.2175,31:56,14:43:57,0.0708,0.0001,0.07719300000000053,0.08820479999999939
1288,40000,3.22,31:56,11:17:17,0.057,0.0001,0.07704500000000053,0.0881513999999994
1289,40000,3.2225,31:56,8:49:58,0.0632,0.0001,0.07655700000000054,0.0880217999999994
1290,40000,3.225,31:57,7:07:38,0.0763,0.0001,0.07659800000000054,0.08796439999999942
1291,40000,3.2275,31:57,5:41:50,0.0786,0.0001,0.07651000000000054,0.08792399999999942
1292,40000,3.23,31:57,4:57:04,0.0657,0.0001,0.07648800000000054,0.08777939999999942
1293,40000,3.2325,31:57,4:23:22,0.0734,0.0001,0.07639300000000054,0.08766619999999942
1294,40000,3.235,32:06,31:26:21,0.0725,0.0001,0.07601800000000053,0.08759119999999941
1295,40000,3.2375,32:07,23:16:37,0.0736,0.0001,0.07562400000000052,0.08748239999999942
1296,40000,3.24,32:07,17:19:19,0.0706,0.0001,0.07534000000000052,0.08739559999999942
1297,40000,3.2425,32:07,13:05:48,0.0813,0.0001,0.07489300000000051,0.08733019999999943
1298,40000,3.245,32:12,23:37:30,0.0743,0.0001,0.07471200000000051,0.08724079999999942
1299,40000,3.2475,32:12,17:31:07,0.102,0.0001,0.07487300000000052,0.08724279999999943
1300,40000,3.25,32:12,13:15:33,0.0786,0.0001,0.07467500000000053,0.08717999999999942
1301,40000,3.2525,32:13,10:33:44,0.0585,0.0001,0.07437500000000054,0.08707099999999943
1302,40000,3.255,32:13,8:23:35,0.054,0.0001,0.07416300000000053,0.08698979999999944
1303,40000,3.2575,32:13,7:07:44,0.085,0.0001,0.07432500000000053,0.08697219999999943
1304,40000,3.26,32:14,6:14:00,0.0876,0.0001,0.07444700000000054,0.08694859999999943
1305,40000,3.2625,32:14,5:22:41,0.0778,0.0001,0.07442400000000053,0.08686019999999944
1306,40000,3.265,32:21,27:39:21,0.0667,0.0001,0.07442200000000053,0.08676559999999944
1307,40000,3.2675,32:22,20:38:48,0.0861,0.0001,0.07459900000000054,0.08673179999999944
1308,40000,3.27,32:22,15:41:32,0.0772,0.0001,0.07474900000000054,0.08665819999999944
1309,40000,3.2725,32:23,12:00:18,0.0773,0.0001,0.07463700000000055,0.08660079999999944
1310,40000,3.275,32:27,23:09:57,0.0742,0.0001,0.07459400000000055,0.08657919999999943
1311,40000,3.2775,32:27,17:12:59,0.0787,0.0001,0.07471300000000056,0.08654619999999943
1312,40000,3.28,32:28,13:17:50,0.0655,0.0001,0.07460500000000056,0.08646119999999943
1313,40000,3.2825,32:28,10:18:22,0.0611,0.0001,0.07427800000000055,0.08633339999999945
1314,40000,3.285,32:28,8:13:09,0.0641,0.0001,0.07410200000000056,0.08622159999999945
1315,40000,3.2875,32:29,7:02:48,0.0661,0.0001,0.07409800000000055,0.08614979999999946
1316,40000,3.29,32:29,5:53:20,0.0788,0.0001,0.07420800000000055,0.08609939999999947
1317,40000,3.2925,32:29,5:06:05,0.0667,0.0001,0.07415400000000055,0.08603539999999946
1318,40000,3.295,32:38,30:57:53,0.0597,0.0001,0.07402600000000056,0.08586079999999946
1319,40000,3.2975,32:38,22:53:39,0.0545,0.0001,0.07383800000000057,0.08577359999999945
1320,40000,3.3,32:39,17:03:49,0.0808,0.0001,0.07384500000000056,0.08574719999999945
1321,40000,3.3025,32:43,26:43:58,0.113,0.0001,0.07432500000000057,0.08578359999999945
1322,40000,3.305,32:47,29:23:42,0.078,0.0001,0.07445400000000058,0.08574759999999947
1323,40000,3.3075,32:47,21:28:58,0.0711,0.0001,0.07420700000000058,0.08565379999999946
1324,40000,3.31,32:47,16:02:23,0.0708,0.0001,0.07434500000000058,0.08560719999999947
1325,40000,3.3125,32:47,12:27:54,0.0579,0.0001,0.07440200000000058,0.08552779999999946
1326,40000,3.315,32:48,9:44:28,0.0771,0.0001,0.07430900000000057,0.08553839999999946
1327,40000,3.3175,32:48,8:03:58,0.0632,0.0001,0.07409700000000058,0.08546859999999945
1328,40000,3.32,32:49,6:40:31,0.0698,0.0001,0.07398900000000058,0.08536619999999945
1329,40000,3.3225,32:49,5:38:43,0.0694,0.0001,0.07384800000000058,0.08524699999999946
1330,40000,3.325,32:59,37:04:18,0.0608,0.0001,0.07353900000000058,0.08514859999999946
1331,40000,3.3275,32:59,26:57:19,0.106,0.0001,0.07390600000000058,0.08513659999999947
1332,40000,3.33,33:00,19:51:20,0.0665,0.0001,0.07388000000000057,0.08505959999999946
1333,40000,3.3325,33:00,15:07:16,0.105,0.0001,0.07420800000000058,0.08509579999999946
1334,40000,3.335,33:04,23:29:20,0.0584,0.0001,0.07398900000000058,0.08500059999999945
1335,40000,3.3375,33:04,17:26:40,0.0596,0.0001,0.07380900000000057,0.08491579999999946
1336,40000,3.34,33:05,13:12:31,0.102,0.0001,0.07415500000000058,0.08492039999999947
1337,40000,3.3425,33:05,10:28:38,0.0609,0.0001,0.07407600000000057,0.08478019999999946
1338,40000,3.345,33:05,8:19:37,0.0637,0.0001,0.07404100000000058,0.08469159999999945
1339,40000,3.3475,33:06,6:48:06,0.0652,0.0001,0.07404800000000057,0.08460599999999946
1340,40000,3.35,33:06,5:43:53,0.0634,0.0001,0.07397600000000057,0.08455819999999946
1341,40000,3.3525,33:06,4:58:35,0.0678,0.0001,0.07406600000000058,0.08445979999999946
1342,40000,3.355,33:13,25:41:54,0.0571,0.0001,0.07353700000000057,0.08433799999999946
1343,40000,3.3575,33:14,18:59:42,0.0647,0.0001,0.07350500000000058,0.08429859999999946
1344,40000,3.36,33:14,14:29:59,0.0651,0.0001,0.07351500000000058,0.08422879999999945
1345,40000,3.3625,33:14,11:12:21,0.0752,0.0001,0.07346400000000058,0.08417519999999946
1346,40000,3.365,33:24,38:27:55,0.0646,0.0001,0.07343900000000059,0.08405639999999946
1347,40000,3.3675,33:24,27:53:17,0.0988,0.0001,0.07359200000000059,0.08407359999999944
1348,40000,3.37,33:24,20:26:02,0.0784,0.0001,0.07363200000000059,0.08407639999999945
1349,40000,3.3725,33:25,15:16:03,0.111,0.0001,0.07403300000000058,0.08404639999999945
1350,40000,3.375,33:25,11:38:02,0.0632,0.0001,0.07406700000000059,0.08392279999999945
1351,40000,3.3775,33:25,8:51:09,0.0568,0.0001,0.07386500000000058,0.08386819999999946
1352,40000,3.38,33:25,7:07:14,0.0647,0.0001,0.07380800000000058,0.08379959999999947
1353,40000,3.3825,33:26,5:56:26,0.0804,0.0001,0.07386700000000058,0.08381259999999946
1354,40000,3.385,33:30,17:00:13,0.0664,0.0001,0.07379500000000058,0.08378259999999946
1355,40000,3.3875,33:30,12:54:14,0.101,0.0001,0.07405600000000058,0.08382159999999947
1356,40000,3.39,33:30,10:00:05,0.0685,0.0001,0.07392600000000059,0.08380579999999946
1357,40000,3.3925,33:32,12:25:32,0.0699,0.0001,0.07400100000000058,0.08377859999999945
1358,40000,3.395,33:40,33:13:55,0.0727,0.0001,0.07411200000000058,0.08373839999999946
1359,40000,3.3975,33:40,24:14:22,0.0567,0.0001,0.07380000000000057,0.08362779999999945
1360,40000,3.4,33:40,18:13:36,0.0532,0.0001,0.07361500000000058,0.08350619999999945
1361,40000,3.4025,33:41,13:45:38,0.0616,0.0001,0.07356700000000059,0.08341539999999945
1362,40000,3.405,33:41,10:51:53,0.0685,0.0001,0.0735570000000006,0.08337719999999944
1363,40000,3.4075,33:41,8:52:02,0.0589,0.0001,0.0731730000000006,0.08324699999999945
1364,40000,3.41,33:42,7:11:28,0.0842,0.0001,0.0733570000000006,0.08315739999999945
1365,40000,3.4125,33:42,6:01:04,0.0649,0.0001,0.0733350000000006,0.08309859999999947
1366,40000,3.415,33:47,20:35:47,0.0725,0.0001,0.0732580000000006,0.08303159999999946
1367,40000,3.4175,33:48,15:43:29,0.0765,0.0001,0.0731350000000006,0.08300799999999947
1368,40000,3.42,33:48,12:02:29,0.0762,0.0001,0.07305600000000059,0.08298719999999947
1369,40000,3.4225,33:48,10:18:12,0.0635,0.0001,0.07309700000000059,0.08295519999999947
1370,40000,3.425,33:59,42:16:18,0.0983,0.0001,0.0734050000000006,0.08297919999999946
1371,40000,3.4275,34:00,30:37:41,0.0744,0.0001,0.07324700000000059,0.08294559999999945
1372,40000,3.43,34:00,22:21:55,0.0688,0.0001,0.07298800000000061,0.08291319999999947
1373,40000,3.4325,34:00,16:36:58,0.0844,0.0001,0.07313900000000059,0.08285399999999947
1374,40000,3.435,34:01,12:35:46,0.0619,0.0001,0.07305600000000059,0.08281159999999947
1375,40000,3.4375,34:01,9:45:03,0.0486,0.0001,0.0727040000000006,0.08270679999999947
1376,40000,3.44,34:01,7:32:41,0.0628,0.0001,0.0725620000000006,0.08263739999999949
1377,40000,3.4425,34:01,6:11:43,0.0671,0.0001,0.0723670000000006,0.0825981999999995
1378,40000,3.445,34:02,6:19:07,0.0688,0.0001,0.0722740000000006,0.0825713999999995
1379,40000,3.4475,34:02,5:22:47,0.0698,0.0001,0.07222600000000061,0.0825355999999995
1380,40000,3.45,34:03,4:59:27,0.0686,0.0001,0.0723050000000006,0.0824753999999995
1381,40000,3.4525,34:05,11:54:42,0.0745,0.0001,0.07240400000000059,0.08244859999999951
1382,40000,3.455,34:16,44:23:36,0.0686,0.0001,0.07226300000000059,0.08238879999999953
1383,40000,3.4575,34:17,32:19:35,0.0757,0.0001,0.0722350000000006,0.08237639999999952
1384,40000,3.46,34:17,23:54:44,0.0807,0.0001,0.07239300000000061,0.08235739999999951
1385,40000,3.4625,34:18,17:43:36,0.0761,0.0001,0.07222800000000061,0.08230159999999952
1386,40000,3.465,34:18,13:40:02,0.044,0.0001,0.07196200000000061,0.08224539999999951
1387,40000,3.4675,34:18,10:33:10,0.0575,0.0001,0.0718290000000006,0.08220999999999949
1388,40000,3.47,34:19,8:19:26,0.0806,0.0001,0.0720650000000006,0.08217839999999949
1389,40000,3.4725,34:19,6:47:44,0.0574,0.0001,0.07200700000000061,0.0821049999999995
1390,40000,3.475,34:22,14:28:35,0.0643,0.0001,0.07188700000000062,0.0820649999999995
1391,40000,3.4775,34:22,11:40:18,0.0731,0.0001,0.07183200000000062,0.0820481999999995
1392,40000,3.48,34:23,9:11:10,0.0804,0.0001,0.07197900000000063,0.08204719999999949
1393,40000,3.4825,34:23,7:58:16,0.0689,0.0001,0.07193400000000062,0.08199019999999949
1394,40000,3.485,34:34,39:25:11,0.0628,0.0001,0.07183700000000062,0.08193879999999949
1395,40000,3.4875,34:34,28:29:53,0.0801,0.0001,0.07190200000000062,0.08189899999999949
1396,40000,3.49,34:34,20:39:15,0.0695,0.0001,0.07189100000000062,0.08184819999999948
1397,40000,3.4925,34:34,15:22:35,0.0718,0.0001,0.07179600000000062,0.08182679999999948
1398,40000,3.495,34:35,11:42:41,0.0701,0.0001,0.07175400000000062,0.08181099999999947
1399,40000,3.4975,34:35,8:53:59,0.0817,0.0001,0.07155100000000061,0.08180619999999947
1400,40000,3.5,34:35,7:08:09,0.0566,0.0001,0.07133100000000062,0.08174219999999947
1401,40000,3.5025,34:36,5:59:03,0.0641,0.0001,0.07138700000000062,0.08171759999999947
1402,40000,3.505,34:40,17:41:09,0.0626,0.0001,0.0714730000000006,0.08158679999999949
1403,40000,3.5075,34:40,13:39:55,0.0677,0.0001,0.07130000000000061,0.08140619999999948
1404,40000,3.51,34:40,10:35:32,0.079,0.0001,0.07121400000000061,0.08140499999999949
1405,40000,3.5125,34:41,8:39:42,0.0687,0.0001,0.0711230000000006,0.08137499999999949
1406,40000,3.515,34:50,36:01:43,0.0861,0.0001,0.0713170000000006,0.08132319999999948
1407,40000,3.5175,34:51,26:28:46,0.0749,0.0001,0.07120500000000062,0.0813241999999995
1408,40000,3.52,34:51,19:29:23,0.0638,0.0001,0.0710710000000006,0.0812935999999995
1409,40000,3.5225,34:51,14:37:27,0.0895,0.0001,0.0711930000000006,0.0812987999999995
1410,40000,3.525,34:51,11:13:15,0.0891,0.0001,0.0713420000000006,0.08124899999999952
1411,40000,3.5275,34:52,8:46:21,0.0622,0.0001,0.0711770000000006,0.08119759999999951
1412,40000,3.53,34:52,7:07:09,0.0715,0.0001,0.0712370000000006,0.0811789999999995
1413,40000,3.5325,34:52,5:58:44,0.0795,0.0001,0.07142100000000061,0.08107599999999951
1414,40000,3.535,34:55,13:06:22,0.0993,0.0001,0.07177300000000061,0.08109699999999952
1415,40000,3.5375,34:55,10:10:29,0.0716,0.0001,0.07182800000000061,0.08109859999999951
1416,40000,3.54,34:56,8:03:21,0.0631,0.0001,0.07167100000000062,0.08104459999999951
1417,40000,3.5425,34:56,6:40:22,0.0765,0.0001,0.07176900000000062,0.08098359999999952
1418,40000,3.545,35:05,32:37:02,0.0875,0.0001,0.07204700000000062,0.0809525999999995
1419,40000,3.5475,35:05,23:50:33,0.0786,0.0001,0.07228800000000062,0.08088179999999952
1420,40000,3.55,35:05,17:37:38,0.0628,0.0001,0.07210800000000062,0.08076139999999953
1421,40000,3.5525,35:06,13:16:05,0.0677,0.0001,0.07165500000000062,0.08072479999999953
1422,40000,3.555,35:06,10:15:52,0.061,0.0001,0.07148500000000062,0.08060279999999953
1423,40000,3.5575,35:06,8:25:19,0.0626,0.0001,0.07140000000000062,0.08049199999999954
1424,40000,3.56,35:07,6:53:03,0.0788,0.0001,0.07148000000000061,0.08043959999999954
1425,40000,3.5625,35:07,6:06:25,0.0715,0.0001,0.07161600000000061,0.08032259999999954
1426,40000,3.565,35:12,19:01:56,0.0768,0.0001,0.07161300000000062,0.08032259999999954
1427,40000,3.5675,35:13,16:52:08,0.078,0.0001,0.07176100000000062,0.08028259999999955
1428,40000,3.57,35:13,12:50:15,0.0663,0.0001,0.07172600000000062,0.08025819999999954
1429,40000,3.5725,35:13,9:56:31,0.0516,0.0001,0.07154800000000062,0.08015739999999956
1430,40000,3.575,35:22,35:29:59,0.0786,0.0001,0.07172600000000061,0.08012539999999956
1431,40000,3.5775,35:23,25:51:27,0.0789,0.0001,0.07145500000000062,0.08009999999999956
1432,40000,3.58,35:23,19:02:50,0.0766,0.0001,0.07155600000000062,0.08002519999999956
1433,40000,3.5825,35:23,14:37:38,0.0733,0.0001,0.07123900000000061,0.08000059999999956
1434,40000,3.585,35:24,11:31:59,0.0591,0.0001,0.07124600000000061,0.07992559999999957
1435,40000,3.5875,35:24,9:02:07,0.0656,0.0001,0.07130600000000062,0.07988619999999957
1436,40000,3.59,35:24,7:15:52,0.0671,0.0001,0.07095700000000062,0.07971039999999958
1437,40000,3.5925,35:24,5:46:22,0.0734,0.0001,0.07108200000000062,0.07965799999999958
1438,40000,3.595,35:30,22:17:26,0.0683,0.0001,0.07112800000000061,0.07961819999999957
1439,40000,3.5975,35:30,16:19:49,0.0468,0.0001,0.07094400000000062,0.07954319999999958
1440,40000,3.6,35:31,12:37:52,0.0631,0.0001,0.07094100000000063,0.07946139999999957
1441,40000,3.6025,35:31,9:50:08,0.0776,0.0001,0.07103900000000063,0.07944239999999957
1442,40000,3.605,35:39,31:57:00,0.062,0.0001,0.07108800000000062,0.07935039999999957
1443,40000,3.6075,35:39,23:40:16,0.0874,0.0001,0.07131500000000063,0.07938399999999958
1444,40000,3.61,35:40,17:50:41,0.0795,0.0001,0.07145900000000062,0.07936739999999957
1445,40000,3.6125,35:40,13:27:59,0.0944,0.0001,0.07165100000000063,0.07940399999999959
1446,40000,3.615,35:40,10:21:27,0.0722,0.0001,0.07172700000000062,0.07936019999999959
1447,40000,3.6175,35:41,8:13:10,0.0752,0.0001,0.07149100000000062,0.07925859999999961
1448,40000,3.62,35:41,6:46:02,0.0467,0.0001,0.07117400000000063,0.07913599999999961
1449,40000,3.6225,35:41,5:56:35,0.079,0.0001,0.07085400000000062,0.07905399999999962
1450,40000,3.625,35:50,30:55:00,0.0576,0.0001,0.07079800000000062,0.07902019999999962
1451,40000,3.6275,35:50,23:13:54,0.0604,0.0001,0.07083400000000062,0.07895279999999963
1452,40000,3.63,35:50,17:47:27,0.0675,0.0001,0.0708620000000006,0.07886179999999963
1453,40000,3.6325,35:51,13:45:33,0.0668,0.0001,0.07072600000000061,0.07881179999999964
1454,40000,3.635,35:59,35:01:17,0.111,0.0001,0.07117200000000061,0.07884319999999963
1455,40000,3.6375,35:59,25:13:11,0.05,0.0001,0.07066200000000061,0.07873119999999961
1456,40000,3.64,35:59,18:37:35,0.0771,0.0001,0.0707480000000006,0.07874919999999962
1457,40000,3.6425,36:00,13:59:01,0.0631,0.0001,0.0706800000000006,0.07871439999999962
1458,40000,3.645,36:00,11:01:11,0.0751,0.0001,0.0707040000000006,0.07868879999999961
1459,40000,3.6475,36:00,8:42:50,0.0615,0.0001,0.0707520000000006,0.07862919999999962
1460,40000,3.65,36:01,7:21:31,0.0622,0.0001,0.0708420000000006,0.07861259999999962
1461,40000,3.6525,36:01,6:09:40,0.1,0.0001,0.0712260000000006,0.07868679999999963
1462,40000,3.655,36:07,24:31:23,0.06,0.0001,0.07114100000000058,0.07862659999999963
1463,40000,3.6575,36:08,18:26:58,0.0474,0.0001,0.07102600000000057,0.07852699999999962
1464,40000,3.66,36:08,14:12:45,0.0668,0.0001,0.07085200000000057,0.07851999999999963
1465,40000,3.6625,36:08,10:53:56,0.0708,0.0001,0.07091100000000057,0.07850719999999962
1466,40000,3.665,36:16,31:57:48,0.0875,0.0001,0.07106100000000058,0.07852319999999961
1467,40000,3.6675,36:16,23:05:04,0.0631,0.0001,0.07092700000000059,0.07849339999999962
1468,40000,3.67,36:17,17:04:48,0.0597,0.0001,0.07076200000000059,0.07844599999999961
1469,40000,3.6725,36:17,12:54:35,0.0663,0.0001,0.07079000000000059,0.0784247999999996
1470,40000,3.675,36:17,10:00:15,0.0508,0.0001,0.07031500000000059,0.0783489999999996
1471,40000,3.6775,36:17,7:58:19,0.0739,0.0001,0.07031000000000058,0.07830599999999961
1472,40000,3.68,36:18,6:51:59,0.0483,0.0001,0.07010500000000058,0.07826679999999961
1473,40000,3.6825,36:18,5:46:17,0.0499,0.0001,0.06976000000000059,0.0781733999999996
1474,40000,3.685,36:26,28:29:49,0.0441,0.0001,0.06958200000000059,0.0780905999999996
1475,40000,3.6875,36:26,21:11:42,0.0647,0.0001,0.0697430000000006,0.0780247999999996
1476,40000,3.69,36:26,15:46:26,0.0601,0.0001,0.0697160000000006,0.0779877999999996
1477,40000,3.6925,36:27,12:17:46,0.0785,0.0001,0.06983000000000059,0.0779187999999996
1478,40000,3.695,36:33,28:17:39,0.0737,0.0001,0.06987900000000058,0.0779013999999996
1479,40000,3.6975,36:33,21:05:09,0.0664,0.0001,0.06984500000000059,0.0778721999999996
1480,40000,3.7,36:34,16:00:09,0.0692,0.0001,0.0698510000000006,0.0778025999999996
1481,40000,3.7025,36:34,12:26:41,0.0678,0.0001,0.0697840000000006,0.0776981999999996
1482,40000,3.705,36:34,9:40:35,0.0521,0.0001,0.0696190000000006,0.07763599999999961
1483,40000,3.7075,36:35,7:44:52,0.0761,0.0001,0.0696230000000006,0.07762699999999961
1484,40000,3.71,36:35,6:23:23,0.0705,0.0001,0.0695210000000006,0.07757159999999962
1485,40000,3.7125,36:35,5:43:09,0.0565,0.0001,0.06932500000000058,0.07755159999999962
1486,40000,3.715,36:44,32:56:59,0.0872,0.0001,0.0697570000000006,0.07758119999999963
1487,40000,3.7175,36:45,24:19:56,0.0744,0.0001,0.06992600000000058,0.07755479999999962
1488,40000,3.72,36:45,18:00:16,0.0693,0.0001,0.0698130000000006,0.07742939999999962
1489,40000,3.7225,36:46,13:53:40,0.0665,0.0001,0.06990400000000059,0.07736499999999961
1490,40000,3.725,36:50,23:51:20,0.0509,0.0001,0.0697700000000006,0.0772187999999996
1491,40000,3.7275,36:50,17:40:03,0.0689,0.0001,0.0697280000000006,0.07722759999999959
1492,40000,3.73,36:51,13:20:16,0.0765,0.0001,0.0696890000000006,0.07724039999999961
1493,40000,3.7325,36:51,10:15:23,0.069,0.0001,0.06969000000000058,0.07711039999999962
1494,40000,3.735,36:51,8:07:46,0.0574,0.0001,0.06963600000000059,0.07700919999999963
1495,40000,3.7375,36:52,8:53:35,0.0612,0.0001,0.06944700000000059,0.07699459999999962
1496,40000,3.74,36:52,7:10:34,0.0751,0.0001,0.06950300000000059,0.07699839999999962
1497,40000,3.7425,36:53,6:00:04,0.0777,0.0001,0.06956200000000061,0.07699999999999961
1498,40000,3.745,37:01,30:52:57,0.0978,0.0001,0.06983900000000061,0.07705119999999961
1499,40000,3.7475,37:01,22:55:46,0.069,0.0001,0.0697120000000006,0.07700379999999961
1500,40000,3.75,37:02,17:15:14,0.0632,0.0001,0.0697780000000006,0.07693019999999962
1501,40000,3.7525,37:02,13:02:31,0.0781,0.0001,0.0699180000000006,0.0768743999999996
1502,40000,3.755,37:08,26:28:41,0.0611,0.0001,0.0699030000000006,0.07682019999999962
1503,40000,3.7575,37:08,19:28:38,0.0704,0.0001,0.0699300000000006,0.07675299999999961
1504,40000,3.76,37:08,14:37:17,0.0724,0.0001,0.0698640000000006,0.07670579999999963
1505,40000,3.7625,37:08,11:12:27,0.0927,0.0001,0.07010400000000061,0.07672939999999963
1506,40000,3.765,37:09,8:49:27,0.0546,0.0001,0.0697890000000006,0.07669719999999963
1507,40000,3.7675,37:09,7:23:45,0.0601,0.0001,0.0696410000000006,0.07664979999999963
1508,40000,3.77,37:10,6:26:16,0.0672,0.0001,0.06967500000000061,0.07656619999999963
1509,40000,3.7725,37:10,5:28:24,0.0828,0.0001,0.0696080000000006,0.07652579999999962
1510,40000,3.775,37:18,31:05:37,0.0641,0.0001,0.0693580000000006,0.07644399999999964
1511,40000,3.7775,37:19,22:46:17,0.079,0.0001,0.0695260000000006,0.07646359999999963
1512,40000,3.78,37:19,16:55:27,0.0692,0.0001,0.06950300000000059,0.07645079999999962
1513,40000,3.7825,37:19,13:06:19,0.0691,0.0001,0.0693990000000006,0.07641919999999963
1514,40000,3.785,37:25,28:23:32,0.057,0.0001,0.06897600000000059,0.07636399999999964
1515,40000,3.7875,37:26,20:32:28,0.0601,0.0001,0.06886100000000059,0.07632579999999964
1516,40000,3.79,37:26,15:04:23,0.0528,0.0001,0.0687580000000006,0.07626879999999962
1517,40000,3.7925,37:26,11:29:42,0.081,0.0001,0.0688030000000006,0.07621679999999964
1518,40000,3.795,37:26,9:17:18,0.0605,0.0001,0.0685330000000006,0.07613579999999963
1519,40000,3.7975,37:27,7:30:00,0.0563,0.0001,0.06831000000000059,0.07604639999999964
1520,40000,3.8,37:27,6:10:53,0.0842,0.0001,0.0685240000000006,0.07604579999999965
1521,40000,3.8025,37:27,5:00:46,0.0543,0.0001,0.06839000000000059,0.07597619999999963
1522,40000,3.805,37:33,22:42:47,0.0792,0.0001,0.06857200000000059,0.07600079999999965
1523,40000,3.8075,37:34,17:08:49,0.0574,0.0001,0.0685200000000006,0.07590559999999966
1524,40000,3.81,37:34,13:01:05,0.0784,0.0001,0.0685160000000006,0.07590259999999965
1525,40000,3.8125,37:34,10:05:28,0.0602,0.0001,0.0684030000000006,0.07586839999999966
1526,40000,3.815,37:42,31:23:40,0.0441,0.0001,0.0680760000000006,0.07571859999999965
1527,40000,3.8175,37:42,22:54:36,0.0745,0.0001,0.06804100000000059,0.07565559999999966
1528,40000,3.82,37:42,16:58:12,0.0537,0.0001,0.06791500000000059,0.07561999999999965
1529,40000,3.8225,37:43,12:37:13,0.0785,0.0001,0.06818400000000059,0.07556099999999966
1530,40000,3.825,37:43,9:47:32,0.0713,0.0001,0.06811100000000059,0.07555219999999965
1531,40000,3.8275,37:43,7:45:37,0.0986,0.0001,0.06830800000000059,0.07558619999999965
1532,40000,3.83,37:43,6:20:43,0.101,0.0001,0.0685520000000006,0.07558219999999964
1533,40000,3.8325,37:44,5:24:11,0.0808,0.0001,0.0686270000000006,0.07557199999999965
1534,40000,3.835,37:47,14:23:50,0.056,0.0001,0.0685960000000006,0.07553159999999964
1535,40000,3.8375,37:47,11:02:22,0.0696,0.0001,0.0686360000000006,0.07551739999999964
1536,40000,3.84,37:48,9:00:17,0.0866,0.0001,0.0688310000000006,0.07553039999999964
1537,40000,3.8425,37:48,7:16:52,0.0721,0.0001,0.0688180000000006,0.07554479999999962
1538,40000,3.845,37:54,23:42:34,0.076,0.0001,0.0688950000000006,0.07552679999999963
1539,40000,3.8475,37:54,17:49:23,0.0634,0.0001,0.0690610000000006,0.07547499999999963
1540,40000,3.85,37:55,13:26:58,0.0833,0.0001,0.06926300000000059,0.07550099999999962
1541,40000,3.8525,37:55,10:24:12,0.0638,0.0001,0.06912500000000059,0.07548839999999962
1542,40000,3.855,37:55,8:13:00,0.0572,0.0001,0.06907700000000058,0.07539479999999964
1543,40000,3.8575,37:56,6:44:03,0.0714,0.0001,0.06891700000000058,0.07540859999999962
1544,40000,3.86,37:56,5:39:21,0.0478,0.0001,0.06860000000000058,0.07535679999999963
1545,40000,3.8625,37:56,5:15:29,0.0652,0.0001,0.06830800000000056,0.07529379999999962
1546,40000,3.865,38:04,28:42:59,0.0637,0.0001,0.06822300000000057,0.07525799999999962
1547,40000,3.8675,38:05,21:40:31,0.0872,0.0001,0.06834300000000057,0.07527959999999961
1548,40000,3.87,38:05,16:23:53,0.0631,0.0001,0.06850700000000058,0.07516579999999962
1549,40000,3.8725,38:05,12:10:43,0.0761,0.0001,0.06847800000000058,0.07517579999999961
1550,40000,3.875,38:11,26:47:26,0.0608,0.0001,0.06851000000000058,0.07515579999999962
1551,40000,3.8775,38:11,20:17:29,0.0667,0.0001,0.06857300000000059,0.07511639999999961
1552,40000,3.88,38:12,14:55:08,0.0747,0.0001,0.0686450000000006,0.07510919999999961
1553,40000,3.8825,38:12,11:24:41,0.081,0.0001,0.0687870000000006,0.07512659999999963
1554,40000,3.885,38:12,8:54:29,0.0544,0.0001,0.0682210000000006,0.07504399999999962
1555,40000,3.8875,38:12,7:11:46,0.0863,0.0001,0.0685840000000006,0.07501459999999963
1556,40000,3.89,38:13,5:58:28,0.0557,0.0001,0.0683700000000006,0.07499599999999965
1557,40000,3.8925,38:13,4:53:22,0.0793,0.0001,0.06853200000000059,0.07493059999999964
1558,40000,3.895,38:21,28:38:35,0.0537,0.0001,0.0683180000000006,0.07484899999999965
1559,40000,3.8975,38:21,21:04:43,0.103,0.0001,0.0687330000000006,0.07486239999999965
1560,40000,3.9,38:22,16:01:25,0.0609,0.0001,0.0687200000000006,0.07483439999999965
1561,40000,3.9025,38:22,13:09:48,0.0664,0.0001,0.06838400000000061,0.07481399999999966
1562,40000,3.905,38:26,20:01:53,0.0778,0.0001,0.06856200000000061,0.07478219999999966
1563,40000,3.9075,38:26,14:59:30,0.0651,0.0001,0.0687390000000006,0.07472039999999967
1564,40000,3.91,38:26,11:29:00,0.0715,0.0001,0.06878600000000062,0.07473939999999968
1565,40000,3.9125,38:27,9:16:45,0.0676,0.0001,0.0687540000000006,0.07470459999999968
1566,40000,3.915,38:27,7:30:15,0.0743,0.0001,0.06862200000000061,0.07470579999999967
1567,40000,3.9175,38:27,6:13:06,0.0646,0.0001,0.06863700000000061,0.07471099999999967
1568,40000,3.92,38:27,5:19:32,0.0418,0.0001,0.06845800000000062,0.07461019999999968
1569,40000,3.9225,38:28,4:59:16,0.0831,0.0001,0.0686260000000006,0.07462579999999969
1570,40000,3.925,38:43,51:11:04,0.0655,0.0001,0.06877300000000061,0.07460019999999969
1571,40000,3.9275,38:43,36:49:44,0.0534,0.0001,0.06856800000000061,0.07453659999999969
1572,40000,3.93,38:43,26:44:07,0.0664,0.0001,0.0687490000000006,0.0745193999999997
1573,40000,3.9325,38:44,19:56:09,0.0454,0.0001,0.0687040000000006,0.07447099999999969
1574,40000,3.935,38:44,14:59:49,0.0594,0.0001,0.0688570000000006,0.07445599999999969
1575,40000,3.9375,38:44,11:27:06,0.08,0.0001,0.0690100000000006,0.07445239999999968
1576,40000,3.94,38:45,9:13:14,0.0684,0.0001,0.0690930000000006,0.07447459999999968
1577,40000,3.9425,38:45,7:25:01,0.0714,0.0001,0.0690220000000006,0.07447099999999968
1578,40000,3.945,38:45,6:11:31,0.093,0.0001,0.0692150000000006,0.0745265999999997
1579,40000,3.9475,38:46,5:16:48,0.0663,0.0001,0.0692140000000006,0.07453479999999969
1580,40000,3.95,38:46,4:41:58,0.0538,0.0001,0.0690600000000006,0.0745045999999997
1581,40000,3.9525,38:46,4:32:55,0.0785,0.0001,0.06916700000000059,0.07449859999999969
1582,40000,3.955,39:01,49:33:25,0.0494,0.0001,0.06914000000000059,0.07441059999999969
1583,40000,3.9575,39:01,35:40:55,0.0525,0.0001,0.06890400000000059,0.0742955999999997
1584,40000,3.96,39:01,25:56:58,0.0755,0.0001,0.06895400000000058,0.07429019999999968
1585,40000,3.9625,39:02,18:50:57,0.0716,0.0001,0.0691050000000006,0.07420139999999968
1586,40000,3.965,39:02,14:23:09,0.0881,0.0001,0.06911400000000059,0.07422539999999968
1587,40000,3.9675,39:02,10:45:08,0.0555,0.0001,0.0689250000000006,0.07420719999999968
1588,40000,3.97,39:03,8:27:43,0.0544,0.0001,0.0687760000000006,0.0741671999999997
1589,40000,3.9725,39:03,6:37:23,0.0714,0.0001,0.0688250000000006,0.07409599999999969
1590,40000,3.975,39:03,5:33:09,0.0422,0.0001,0.06873800000000059,0.07402659999999969
1591,40000,3.9775,39:03,4:50:05,0.0616,0.0001,0.06866500000000059,0.07398399999999969
1592,40000,3.98,39:04,4:05:19,0.0457,0.0001,0.06835700000000058,0.07391979999999967
1593,40000,3.9825,39:04,4:06:34,0.0571,0.0001,0.06823800000000059,0.07384339999999966
1594,40000,3.985,39:18,48:36:49,0.0783,0.0001,0.06844700000000058,0.07384239999999966
1595,40000,3.9875,39:19,35:19:29,0.0569,0.0001,0.06840400000000058,0.07380199999999965
1596,40000,3.99,39:19,26:01:03,0.0744,0.0001,0.06839700000000057,0.07378279999999963
1597,40000,3.9925,39:19,19:11:02,0.0583,0.0001,0.06820300000000057,0.07374379999999964
1598,40000,3.995,39:20,14:38:58,0.0457,0.0001,0.06768200000000058,0.07367099999999964
1599,40000,3.9975,39:20,11:16:20,0.072,0.0001,0.06771200000000058,0.07367699999999963
1600,40000,4.0,39:20,9:06:43,0.0607,0.0001,0.06768700000000057,0.07364239999999962
1601,40000,4.0025,39:21,7:21:42,0.0456,0.0001,0.06736200000000057,0.07358419999999963
1602,40000,4.005,39:21,6:08:02,0.07,0.0001,0.06745100000000058,0.07349419999999962
1603,40000,4.0075,39:21,5:14:47,0.0671,0.0001,0.06741800000000057,0.07340839999999962
1604,40000,4.01,39:22,4:36:50,0.0573,0.0001,0.06726700000000058,0.07333259999999962
1605,40000,4.0125,39:22,4:11:26,0.0586,0.0001,0.06692600000000057,0.07326199999999963
1606,40000,4.015,39:36,46:45:14,0.066,0.0001,0.06704000000000057,0.07314999999999963
1607,40000,4.0175,39:36,33:45:11,0.0653,0.0001,0.06709200000000057,0.07311679999999965
1608,40000,4.02,39:36,24:35:06,0.0721,0.0001,0.06714100000000058,0.07310579999999965
1609,40000,4.0225,39:37,18:09:15,0.0409,0.0001,0.06672200000000057,0.07303879999999965
1610,40000,4.025,39:37,13:57:13,0.0486,0.0001,0.06656700000000057,0.07300139999999965
1611,40000,4.0275,39:37,10:45:13,0.0985,0.0001,0.06676200000000057,0.07303619999999965
1612,40000,4.03,39:38,8:27:30,0.0837,0.0001,0.06690700000000058,0.07300359999999965
1613,40000,4.0325,39:38,6:35:25,0.0463,0.0001,0.06667900000000057,0.07298239999999966
1614,40000,4.035,39:38,5:50:28,0.0679,0.0001,0.06678800000000057,0.07295779999999967
1615,40000,4.0375,39:38,5:02:37,0.0751,0.0001,0.06693800000000057,0.07295699999999966
1616,40000,4.04,39:39,4:29:24,0.0496,0.0001,0.06690600000000056,0.07284219999999966
1617,40000,4.0425,39:39,4:07:42,0.0611,0.0001,0.06670700000000056,0.07283019999999966
1618,40000,4.045,39:54,51:51:47,0.0808,0.0001,0.06691000000000055,0.07282779999999967
1619,40000,4.0475,39:55,37:31:13,0.0538,0.0001,0.06688500000000054,0.07275099999999968
1620,40000,4.05,39:55,27:14:44,0.0706,0.0001,0.06674900000000054,0.07275619999999967
1621,40000,4.0525,39:55,19:46:51,0.0519,0.0001,0.06672500000000055,0.07269039999999968
1622,40000,4.055,39:56,14:43:58,0.106,0.0001,0.06699300000000054,0.07273799999999969
1623,40000,4.0575,39:56,11:15:09,0.0667,0.0001,0.06708600000000053,0.07274039999999968
1624,40000,4.06,39:56,8:35:40,0.0533,0.0001,0.06683500000000053,0.07265839999999969
1625,40000,4.0625,39:56,6:59:03,0.0861,0.0001,0.06709400000000054,0.0725445999999997
1626,40000,4.065,39:57,5:51:04,0.0485,0.0001,0.06713800000000053,0.07247079999999968
1627,40000,4.0675,39:57,5:22:09,0.0803,0.0001,0.06719600000000053,0.07246719999999969
1628,40000,4.07,39:57,5:00:10,0.0957,0.0001,0.06761600000000054,0.07250139999999969
1629,40000,4.0725,39:58,4:45:53,0.0446,0.0001,0.06727700000000053,0.0724113999999997
1630,40000,4.075,40:12,47:29:41,0.0717,0.0001,0.06728100000000053,0.07239659999999971
1631,40000,4.0775,40:12,34:28:39,0.0708,0.0001,0.06700300000000053,0.07237479999999971
1632,40000,4.08,40:12,25:08:37,0.0673,0.0001,0.06666600000000054,0.0723199999999997
1633,40000,4.0825,40:13,18:34:05,0.0621,0.0001,0.06647900000000054,0.07230719999999971
1634,40000,4.085,40:13,14:16:17,0.0608,0.0001,0.06652700000000054,0.07226019999999972
1635,40000,4.0875,40:13,11:15:23,0.0681,0.0001,0.06651200000000054,0.07225479999999972
1636,40000,4.09,40:14,8:52:27,0.0651,0.0001,0.06629700000000055,0.07224739999999971
1637,40000,4.0925,40:14,7:07:42,0.0647,0.0001,0.06622300000000055,0.07219379999999971
1638,40000,4.095,40:14,5:58:06,0.0613,0.0001,0.06607600000000055,0.07214259999999972
1639,40000,4.0975,40:15,5:22:58,0.058,0.0001,0.06602200000000055,0.07212479999999973
1640,40000,4.1,40:15,4:29:08,0.059,0.0001,0.06577900000000056,0.07203679999999972
1641,40000,4.1025,40:15,4:20:19,0.058,0.0001,0.06572100000000056,0.07198799999999972
1642,40000,4.105,40:27,41:06:03,0.053,0.0001,0.06567900000000056,0.07193559999999971
1643,40000,4.1075,40:28,30:03:18,0.0802,0.0001,0.06576700000000056,0.07194679999999971
1644,40000,4.11,40:28,22:01:03,0.07,0.0001,0.06598900000000056,0.0719141999999997
1645,40000,4.1125,40:28,16:20:13,0.0867,0.0001,0.06620400000000055,0.0719565999999997
1646,40000,4.115,40:29,12:41:35,0.0639,0.0001,0.06620600000000057,0.0719603999999997
1647,40000,4.1175,40:29,9:53:55,0.0558,0.0001,0.06589200000000056,0.07194659999999971
1648,40000,4.12,40:29,8:10:13,0.0664,0.0001,0.06592500000000055,0.07189499999999971
1649,40000,4.1225,40:30,6:41:08,0.0469,0.0001,0.06563300000000055,0.07181979999999971
1650,40000,4.125,40:30,5:40:20,0.0577,0.0001,0.06560200000000055,0.07178739999999971
1651,40000,4.1275,40:30,5:11:21,0.0701,0.0001,0.06563600000000054,0.0717537999999997
1652,40000,4.13,40:31,4:21:34,0.0694,0.0001,0.06558300000000054,0.0717241999999997
1653,40000,4.1325,40:31,4:00:04,0.051,0.0001,0.06528300000000054,0.0716733999999997
1654,40000,4.135,40:44,45:19:10,0.0747,0.0001,0.06548600000000054,0.07162759999999971
1655,40000,4.1375,40:45,32:58:10,0.0508,0.0001,0.06513100000000054,0.07156439999999971
1656,40000,4.14,40:45,24:02:25,0.073,0.0001,0.06530400000000054,0.07157899999999971
1657,40000,4.1425,40:45,17:46:10,0.0496,0.0001,0.06500700000000054,0.07155619999999971
1658,40000,4.145,40:45,13:23:47,0.0875,0.0001,0.06534500000000054,0.0715957999999997
1659,40000,4.1475,40:46,10:19:32,0.0647,0.0001,0.06496200000000055,0.0715615999999997
1660,40000,4.15,40:46,8:08:42,0.0792,0.0001,0.06514500000000055,0.0715159999999997
1661,40000,4.1525,40:46,6:42:49,0.0594,0.0001,0.06507500000000055,0.0714627999999997
1662,40000,4.155,40:47,5:39:07,0.0546,0.0001,0.06484300000000055,0.0714279999999997
1663,40000,4.1575,40:47,4:56:15,0.0584,0.0001,0.06477600000000056,0.0713367999999997
1664,40000,4.16,40:47,4:39:42,0.0574,0.0001,0.06463500000000055,0.0712355999999997
1665,40000,4.1625,40:48,4:13:18,0.0689,0.0001,0.06464800000000055,0.07119199999999971
1666,40000,4.165,41:02,48:24:23,0.0448,0.0001,0.06435300000000056,0.07106559999999972
1667,40000,4.1675,41:02,35:06:16,0.0661,0.0001,0.06436800000000055,0.07100919999999972
1668,40000,4.17,41:03,25:34:05,0.0938,0.0001,0.06488800000000054,0.07104279999999973
1669,40000,4.1725,41:03,19:06:17,0.063,0.0001,0.06468700000000055,0.07099579999999973
1670,40000,4.175,41:03,14:05:20,0.0794,0.0001,0.06482600000000054,0.07105619999999974
1671,40000,4.1775,41:03,10:48:31,0.0502,0.0001,0.06479400000000055,0.07102439999999972
1672,40000,4.18,41:04,8:32:28,0.0537,0.0001,0.06466700000000054,0.07099679999999972
1673,40000,4.1825,41:04,6:57:15,0.0565,0.0001,0.06477800000000054,0.07097759999999972
1674,40000,4.185,41:04,6:02:48,0.0405,0.0001,0.06458900000000053,0.07094059999999973
1675,40000,4.1875,41:05,5:31:18,0.0651,0.0001,0.06444000000000054,0.07091979999999974
1676,40000,4.19,41:05,4:53:15,0.044,0.0001,0.06419600000000054,0.07084299999999974
1677,40000,4.1925,41:06,4:38:39,0.0523,0.0001,0.06400500000000055,0.07078639999999975
1678,40000,4.195,41:19,44:47:18,0.0498,0.0001,0.06357300000000055,0.07070019999999974
1679,40000,4.1975,41:19,32:16:35,0.0716,0.0001,0.06362600000000054,0.07067679999999973
1680,40000,4.2,41:19,23:18:51,0.07,0.0001,0.06378800000000055,0.07063599999999973
1681,40000,4.2025,41:19,17:30:36,0.052,0.0001,0.06352300000000055,0.07055819999999972
1682,40000,4.205,41:20,12:56:17,0.0543,0.0001,0.06357200000000054,0.07049439999999974
1683,40000,4.2075,41:20,11:39:21,0.0631,0.0001,0.06367800000000054,0.07046639999999972
1684,40000,4.21,41:21,9:22:02,0.0703,0.0001,0.06362600000000054,0.07045699999999973
1685,40000,4.2125,41:21,7:48:24,0.0406,0.0001,0.06331600000000054,0.07034499999999971
1686,40000,4.215,41:22,6:28:35,0.0569,0.0001,0.06300400000000055,0.0702963999999997
1687,40000,4.2175,41:22,5:28:22,0.0678,0.0001,0.06312700000000054,0.07019999999999971
1688,40000,4.22,41:22,4:46:51,0.0546,0.0001,0.06312900000000053,0.0701655999999997
1689,40000,4.2225,41:22,4:18:08,0.0495,0.0001,0.06291000000000053,0.0700405999999997
1690,40000,4.225,41:33,36:34:46,0.0962,0.0001,0.06345000000000053,0.0700885999999997
1691,40000,4.2275,41:33,26:34:27,0.0373,0.0001,0.06320700000000053,0.0699883999999997
1692,40000,4.23,41:34,19:49:22,0.0472,0.0001,0.06322200000000053,0.06994699999999969
1693,40000,4.2325,41:34,14:51:59,0.0663,0.0001,0.06331400000000052,0.06991379999999968
1694,40000,4.235,41:34,11:38:36,0.0797,0.0001,0.06332800000000054,0.06985319999999968
1695,40000,4.2375,41:38,20:34:38,0.0884,0.0001,0.06364300000000053,0.06980399999999969
1696,40000,4.24,41:39,15:26:57,0.0644,0.0001,0.06354300000000053,0.0697347999999997
1697,40000,4.2425,41:39,12:00:26,0.0517,0.0001,0.06347700000000053,0.0695861999999997
1698,40000,4.245,41:39,9:22:03,0.0688,0.0001,0.06370800000000054,0.0695389999999997
1699,40000,4.2475,41:40,7:49:29,0.063,0.0001,0.06361800000000054,0.0694931999999997
1700,40000,4.25,41:40,6:29:37,0.0731,0.0001,0.06374200000000055,0.0694425999999997
1701,40000,4.2525,41:40,5:46:35,0.0636,0.0001,0.06392200000000053,0.0693927999999997
1702,40000,4.255,41:48,27:20:06,0.0575,0.0001,0.06379700000000053,0.06935739999999968
1703,40000,4.2575,41:48,20:24:11,0.0858,0.0001,0.06398400000000054,0.06939139999999967
1704,40000,4.26,41:48,15:14:50,0.0908,0.0001,0.06431900000000054,0.06942219999999967
1705,40000,4.2625,41:49,11:41:45,0.0645,0.0001,0.06437800000000053,0.06939099999999968
1706,40000,4.265,41:49,9:42:29,0.0801,0.0001,0.06451900000000053,0.06941739999999968
1707,40000,4.2675,41:58,36:31:44,0.067,0.0001,0.06453600000000054,0.06941459999999969
1708,40000,4.27,41:59,26:31:21,0.0655,0.0001,0.06447000000000054,0.0694211999999997
1709,40000,4.2725,41:59,19:30:14,0.0548,0.0001,0.06460900000000054,0.06935379999999969
1710,40000,4.275,41:59,14:53:52,0.0451,0.0001,0.06457400000000053,0.0692869999999997
1711,40000,4.2775,42:00,11:24:12,0.0523,0.0001,0.06411200000000054,0.0692579999999997
1712,40000,4.28,42:00,8:56:19,0.0635,0.0001,0.06391000000000054,0.06923239999999968
1713,40000,4.2825,42:00,7:15:59,0.057,0.0001,0.06401700000000055,0.06915879999999969
1714,40000,4.285,42:06,24:29:56,0.0451,0.0001,0.06378900000000055,0.06908559999999969
1715,40000,4.2875,42:07,18:06:15,0.0606,0.0001,0.06364400000000055,0.0690737999999997
1716,40000,4.29,42:07,13:38:56,0.0562,0.0001,0.06371000000000054,0.06905059999999968
1717,40000,4.2925,42:07,10:33:39,0.0549,0.0001,0.06364800000000055,0.0690161999999997
1718,40000,4.295,42:08,8:19:01,0.073,0.0001,0.06357000000000056,0.06901719999999971
1719,40000,4.2975,42:15,30:58:06,0.0507,0.0001,0.06353900000000055,0.0689719999999997
1720,40000,4.3,42:16,22:41:10,0.0509,0.0001,0.06334200000000056,0.06891359999999969
1721,40000,4.3025,42:16,16:47:19,0.102,0.0001,0.06384300000000057,0.06898759999999969
1722,40000,4.305,42:16,12:29:26,0.0691,0.0001,0.06347400000000056,0.06899559999999968
1723,40000,4.3075,42:17,9:56:18,0.0528,0.0001,0.06333500000000057,0.06890959999999968
1724,40000,4.31,42:17,7:54:53,0.0788,0.0001,0.06359000000000056,0.06895319999999969
1725,40000,4.3125,42:17,6:48:37,0.077,0.0001,0.06349900000000057,0.06900279999999968
1726,40000,4.315,42:21,15:55:13,0.0494,0.0001,0.06350800000000058,0.06892879999999968
1727,40000,4.3175,42:21,12:25:29,0.0586,0.0001,0.06329100000000057,0.06887719999999968
1728,40000,4.32,42:22,9:57:26,0.0683,0.0001,0.06301700000000057,0.06885259999999968
1729,40000,4.3225,42:22,7:55:37,0.0721,0.0001,0.06329200000000057,0.06882979999999968
1730,40000,4.325,42:22,6:31:05,0.0468,0.0001,0.06304300000000057,0.06873999999999966
1731,40000,4.3275,42:33,39:01:23,0.0587,0.0001,0.06292200000000057,0.06871879999999968
1732,40000,4.33,42:33,28:17:39,0.0688,0.0001,0.06293700000000058,0.06871819999999969
1733,40000,4.3325,42:34,20:44:13,0.0671,0.0001,0.06298700000000057,0.06870799999999969
1734,40000,4.335,42:34,15:31:04,0.0472,0.0001,0.06285100000000057,0.06864179999999967
1735,40000,4.3375,42:34,12:06:56,0.0612,0.0001,0.06278200000000057,0.06860899999999968
1736,40000,4.34,42:35,9:27:43,0.0629,0.0001,0.06276000000000057,0.06859999999999968
1737,40000,4.3425,42:35,7:50:29,0.0601,0.0001,0.06271400000000056,0.06858259999999967
1738,40000,4.345,42:41,24:17:19,0.0604,0.0001,0.06270500000000057,0.06856899999999967
1739,40000,4.3475,42:41,17:57:24,0.0504,0.0001,0.06262900000000056,0.06854079999999968
1740,40000,4.35,42:42,13:34:14,0.0725,0.0001,0.06276400000000056,0.06854459999999968
1741,40000,4.3525,42:42,10:28:30,0.0614,0.0001,0.06279800000000056,0.06854979999999967
1742,40000,4.355,42:42,8:32:20,0.055,0.0001,0.06281800000000055,0.06843979999999968
1743,40000,4.3575,42:47,21:56:52,0.0923,0.0001,0.06293900000000056,0.06848859999999968
1744,40000,4.36,42:48,16:36:29,0.0391,0.0001,0.06263000000000056,0.06843859999999967
1745,40000,4.3625,42:48,12:35:22,0.0713,0.0001,0.06247600000000055,0.06842059999999967
1746,40000,4.365,42:48,9:48:25,0.0538,0.0001,0.06237500000000055,0.06839399999999966
1747,40000,4.3675,42:49,7:51:39,0.0363,0.0001,0.06218000000000055,0.06829959999999966
1748,40000,4.37,42:49,6:25:20,0.045,0.0001,0.06196600000000055,0.06824079999999967
1749,40000,4.3725,42:49,5:28:14,0.0692,0.0001,0.062189000000000556,0.06823739999999967
1750,40000,4.375,42:57,27:44:46,0.0634,0.0001,0.06224600000000056,0.06824459999999967
1751,40000,4.3775,42:57,20:38:47,0.0502,0.0001,0.06204700000000056,0.06819099999999965
1752,40000,4.38,42:57,15:23:41,0.0784,0.0001,0.06213700000000056,0.06820699999999967
1753,40000,4.3825,42:58,12:01:59,0.0771,0.0001,0.06239800000000056,0.06821219999999967
1754,40000,4.385,42:58,9:22:57,0.057,0.0001,0.06222100000000056,0.06817899999999967
1755,40000,4.3875,43:01,16:47:58,0.0691,0.0001,0.06240400000000056,0.06816739999999967
1756,40000,4.39,43:02,13:04:11,0.0626,0.0001,0.062300000000000556,0.06812959999999968
1757,40000,4.3925,43:02,10:02:09,0.0572,0.0001,0.062376000000000556,0.0681191999999997
1758,40000,4.395,43:02,8:18:19,0.0502,0.0001,0.06200300000000056,0.0680963999999997
1759,40000,4.3975,43:03,6:31:39,0.0711,0.0001,0.06206700000000056,0.0680627999999997
1760,40000,4.4,43:03,5:45:25,0.06,0.0001,0.06187500000000055,0.06803939999999971
1761,40000,4.4025,43:03,5:01:31,0.0603,0.0001,0.06188400000000055,0.06802719999999969
1762,40000,4.405,43:14,38:37:14,0.0575,0.0001,0.06191300000000055,0.0680031999999997
1763,40000,4.4075,43:15,28:14:35,0.0462,0.0001,0.061791000000000554,0.0679009999999997
1764,40000,4.41,43:15,20:47:07,0.0752,0.0001,0.061969000000000544,0.0679197999999997
1765,40000,4.4125,43:15,15:28:53,0.0635,0.0001,0.061915000000000546,0.06791259999999968
1766,40000,4.415,43:16,11:47:37,0.0459,0.0001,0.061926000000000536,0.0678439999999997
1767,40000,4.4175,43:23,30:11:33,0.0867,0.0001,0.06213200000000055,0.0678397999999997
1768,40000,4.42,43:23,22:24:25,0.042,0.0001,0.06161400000000054,0.06775559999999971
1769,40000,4.4225,43:23,16:38:17,0.081,0.0001,0.06179400000000055,0.06779879999999971
1770,40000,4.425,43:24,12:36:22,0.046,0.0001,0.061460000000000556,0.06775579999999971
1771,40000,4.4275,43:24,9:48:15,0.0712,0.0001,0.06167000000000056,0.0677177999999997
1772,40000,4.43,43:24,7:48:28,0.0696,0.0001,0.06182900000000056,0.06766759999999969
1773,40000,4.4325,43:24,6:28:19,0.0487,0.0001,0.06175100000000056,0.0676263999999997
1774,40000,4.435,43:32,27:28:03,0.0749,0.0001,0.06209500000000057,0.06763579999999969
1775,40000,4.4375,43:32,20:07:31,0.0613,0.0001,0.06205700000000057,0.0675907999999997
1776,40000,4.44,43:32,15:03:58,0.051,0.0001,0.06212700000000058,0.0675387999999997
1777,40000,4.4425,43:33,12:46:51,0.0648,0.0001,0.06225200000000058,0.06749519999999971
1778,40000,4.445,43:33,10:29:20,0.0479,0.0001,0.06223300000000058,0.06743479999999971
1779,40000,4.4475,43:40,29:04:23,0.0551,0.0001,0.06206800000000058,0.06739579999999973
1780,40000,4.45,43:41,21:33:17,0.0558,0.0001,0.06192600000000057,0.06738599999999972
1781,40000,4.4525,43:41,16:02:09,0.0431,0.0001,0.06183700000000058,0.06734299999999974
1782,40000,4.455,43:41,11:55:26,0.0698,0.0001,0.06199200000000058,0.06731719999999973
1783,40000,4.4575,43:42,9:34:34,0.05,0.0001,0.061861000000000575,0.06726019999999973
1784,40000,4.46,43:42,7:39:48,0.0692,0.0001,0.061850000000000585,0.06726879999999973
1785,40000,4.4625,43:42,6:02:53,0.107,0.0001,0.06251400000000058,0.06729759999999974
1786,40000,4.465,43:51,32:30:33,0.0491,0.0001,0.06243600000000058,0.06725459999999973
1787,40000,4.4675,43:51,23:43:03,0.0393,0.0001,0.06215100000000058,0.06719159999999974
1788,40000,4.47,43:52,17:34:33,0.0548,0.0001,0.06215300000000059,0.06718719999999974
1789,40000,4.4725,43:52,13:15:04,0.0533,0.0001,0.062191000000000586,0.06716739999999972
1790,40000,4.475,43:52,10:16:42,0.0732,0.0001,0.06196100000000059,0.06716119999999973
1791,40000,4.4775,43:56,18:40:15,0.0627,0.0001,0.062215000000000596,0.06712939999999971
1792,40000,4.48,43:56,14:18:19,0.0553,0.0001,0.062296000000000594,0.06710859999999973
1793,40000,4.4825,43:56,10:57:41,0.0722,0.0001,0.062355000000000584,0.06710619999999973
1794,40000,4.485,43:57,8:37:47,0.0696,0.0001,0.062254000000000594,0.06710039999999974
1795,40000,4.4875,43:57,7:01:59,0.0463,0.0001,0.06183300000000059,0.06704579999999974
1796,40000,4.49,43:57,5:53:11,0.0585,0.0001,0.06177400000000059,0.06702159999999975
1797,40000,4.4925,43:58,5:19:04,0.0639,0.0001,0.06189600000000059,0.06698679999999975
1798,40000,4.495,44:09,40:59:36,0.05,0.0001,0.06170800000000058,0.06693819999999974
1799,40000,4.4975,44:10,29:41:41,0.0773,0.0001,0.061851000000000586,0.06688879999999975
1800,40000,4.5,44:10,22:03:53,0.0432,0.0001,0.061552000000000585,0.06681799999999974
1801,40000,4.5025,44:11,16:39:52,0.0524,0.0001,0.06144000000000058,0.06680579999999973
1802,40000,4.505,44:11,12:54:26,0.0974,0.0001,0.06183900000000058,0.06689259999999973
1803,40000,4.5075,44:12,12:15:39,0.0682,0.0001,0.061663000000000585,0.06685899999999972
1804,40000,4.51,44:12,9:30:44,0.0593,0.0001,0.06134800000000059,0.06680239999999972
1805,40000,4.5125,44:13,7:38:52,0.0562,0.0001,0.06126500000000059,0.06675919999999971
1806,40000,4.515,44:13,6:34:46,0.049,0.0001,0.06095400000000059,0.06672379999999971
1807,40000,4.5175,44:13,5:33:24,0.0555,0.0001,0.060839000000000594,0.06666259999999971
1808,40000,4.52,44:13,4:35:08,0.057,0.0001,0.0607540000000006,0.06662219999999973
1809,40000,4.5225,44:14,4:06:44,0.0742,0.0001,0.0609480000000006,0.06661599999999972
1810,40000,4.525,44:27,45:36:51,0.0568,0.0001,0.0610650000000006,0.06658119999999973
1811,40000,4.5275,44:28,33:07:49,0.0414,0.0001,0.06095600000000061,0.06650659999999974
1812,40000,4.53,44:28,24:09:50,0.0564,9.9e-05,0.060885000000000605,0.06648839999999973
1813,40000,4.5325,44:28,17:49:31,0.0548,9.9e-05,0.0608630000000006,0.06647579999999972
1814,40000,4.535,44:28,13:27:36,0.0637,9.9e-05,0.0610490000000006,0.06647499999999971
1815,40000,4.5375,44:32,20:53:48,0.052,9.9e-05,0.0609630000000006,0.06644679999999971
1816,40000,4.54,44:32,15:55:26,0.0665,9.9e-05,0.0610660000000006,0.06642219999999971
1817,40000,4.5425,44:33,12:07:19,0.0629,9.9e-05,0.061146000000000596,0.06641459999999971
1818,40000,4.545,44:33,9:26:02,0.0443,9.9e-05,0.06085900000000059,0.06638379999999972
1819,40000,4.5475,44:33,7:47:56,0.0597,9.9e-05,0.06094900000000059,0.06639419999999971
1820,40000,4.55,44:34,6:24:05,0.0594,9.9e-05,0.061034000000000595,0.0663513999999997
1821,40000,4.5525,44:34,5:27:38,0.0545,9.9e-05,0.06055900000000059,0.0662343999999997
1822,40000,4.555,44:42,29:19:17,0.0626,9.9e-05,0.06049400000000059,0.0662035999999997
1823,40000,4.5575,44:43,22:06:31,0.0478,9.9e-05,0.06044400000000058,0.0661569999999997
1824,40000,4.56,44:43,16:26:07,0.0561,9.9e-05,0.060217000000000576,0.0661275999999997
1825,40000,4.5625,44:43,12:26:32,0.0555,9.9e-05,0.06000200000000058,0.06612279999999972
1826,40000,4.565,44:43,9:41:06,0.0578,9.9e-05,0.06008600000000058,0.06608419999999972
1827,40000,4.5675,44:49,23:01:47,0.0667,9.9e-05,0.06016700000000058,0.0660911999999997
1828,40000,4.57,44:49,17:01:12,0.0689,9.9e-05,0.06017300000000058,0.0660893999999997
1829,40000,4.5725,44:49,12:52:17,0.0642,9.9e-05,0.06009400000000058,0.0660789999999997
1830,40000,4.575,44:49,9:54:57,0.0492,9.9e-05,0.06011800000000058,0.06605579999999969
1831,40000,4.5775,44:50,7:54:54,0.0419,9.9e-05,0.05995000000000058,0.06592759999999968
1832,40000,4.58,44:50,6:28:16,0.0786,9.9e-05,0.06004800000000057,0.0659517999999997
1833,40000,4.5825,44:50,5:30:06,0.0429,9.9e-05,0.059806000000000574,0.06582759999999971
1834,40000,4.585,44:57,26:30:05,0.0654,9.9e-05,0.059988000000000576,0.0658415999999997
1835,40000,4.5875,44:58,19:45:07,0.0458,9.9e-05,0.059834000000000574,0.06581399999999969
1836,40000,4.59,44:58,14:50:36,0.0675,9.9e-05,0.05988000000000057,0.0657449999999997
1837,40000,4.5925,44:58,11:20:45,0.0517,9.9e-05,0.05979600000000057,0.0657265999999997
1838,40000,4.595,44:59,8:54:14,0.0513,9.9e-05,0.059705000000000584,0.06570179999999971
1839,40000,4.5975,45:04,23:41:06,0.0456,9.9e-05,0.059657000000000585,0.06566259999999971
1840,40000,4.6,45:05,17:33:18,0.0583,9.9e-05,0.05951500000000059,0.06565239999999972
1841,40000,4.6025,45:05,13:12:37,0.0594,9.9e-05,0.05949500000000059,0.06563559999999971
1842,40000,4.605,45:05,10:09:34,0.0493,9.9e-05,0.05943800000000059,0.06561999999999972
1843,40000,4.6075,45:05,8:05:16,0.0616,9.9e-05,0.05913100000000059,0.06561379999999971
1844,40000,4.61,45:06,6:38:09,0.0685,9.9e-05,0.059425000000000595,0.06562059999999971
1845,40000,4.6125,45:06,5:34:49,0.0498,9.9e-05,0.059210000000000595,0.0655697999999997
1846,40000,4.615,45:16,36:06:20,0.0799,9.9e-05,0.0594710000000006,0.06560039999999971
1847,40000,4.6175,45:17,26:27:30,0.0512,9.9e-05,0.0596200000000006,0.06550519999999972
1848,40000,4.62,45:17,19:27:19,0.0865,9.9e-05,0.0600350000000006,0.06552139999999972
1849,40000,4.6225,45:17,14:18:56,0.0493,9.9e-05,0.0598360000000006,0.06539799999999972
1850,40000,4.625,45:17,10:58:27,0.0738,9.9e-05,0.059940000000000604,0.06541919999999972
1851,40000,4.6275,45:20,16:34:24,0.0966,9.9e-05,0.060404000000000596,0.06549879999999972
1852,40000,4.63,45:20,12:48:55,0.0484,9.9e-05,0.060104000000000594,0.06546619999999971
1853,40000,4.6325,45:21,9:38:19,0.0425,9.9e-05,0.0597580000000006,0.06539039999999971
1854,40000,4.635,45:21,7:25:25,0.064,9.9e-05,0.059828000000000596,0.06538559999999971
1855,40000,4.6375,45:21,6:09:30,0.0462,9.9e-05,0.059599000000000596,0.06527599999999971
1856,40000,4.64,45:22,5:14:04,0.0597,9.9e-05,0.0595700000000006,0.06525839999999972
1857,40000,4.6425,45:22,4:34:57,0.0533,9.9e-05,0.059531000000000604,0.06522519999999972
1858,40000,4.645,45:34,43:20:04,0.0808,9.9e-05,0.059837000000000605,0.06524139999999973
1859,40000,4.6475,45:35,31:12:49,0.0371,9.9e-05,0.0594970000000006,0.06520219999999974
1860,40000,4.65,45:35,22:30:33,0.0477,9.9e-05,0.0593740000000006,0.06519119999999974
1861,40000,4.6525,45:35,16:25:18,0.0673,9.9e-05,0.0594440000000006,0.06520259999999975
1862,40000,4.655,45:35,12:25:44,0.0499,9.9e-05,0.0593680000000006,0.06516539999999975
1863,40000,4.6575,45:36,9:40:51,0.0847,9.9e-05,0.059753000000000604,0.06521699999999975
1864,40000,4.66,45:36,7:41:50,0.0648,9.9e-05,0.059649000000000604,0.06517819999999973
1865,40000,4.6625,45:36,6:20:16,0.0432,9.9e-05,0.059446000000000596,0.06513479999999973
1866,40000,4.665,45:37,5:23:11,0.0587,9.9e-05,0.0595740000000006,0.06510719999999974
1867,40000,4.6675,45:37,4:42:06,0.0475,9.9e-05,0.05918200000000061,0.06504919999999972
1868,40000,4.67,45:37,4:14:55,0.0559,9.9e-05,0.059321000000000616,0.06500859999999974
1869,40000,4.6725,45:38,3:57:32,0.0603,9.9e-05,0.05911400000000061,0.06500219999999973
1870,40000,4.675,45:51,44:41:01,0.0514,9.9e-05,0.05916800000000061,0.06490839999999973
1871,40000,4.6775,45:51,31:58:30,0.0566,9.9e-05,0.05902200000000061,0.06487279999999974
1872,40000,4.68,45:51,23:17:08,0.0498,9.9e-05,0.05882400000000061,0.06483479999999973
1873,40000,4.6825,45:51,17:12:42,0.0586,9.9e-05,0.05892300000000061,0.06478319999999972
1874,40000,4.685,45:52,13:01:38,0.0556,9.9e-05,0.05873000000000061,0.06477059999999972
1875,40000,4.6875,45:56,21:11:40,0.0608,9.9e-05,0.05872500000000061,0.06479499999999971
1876,40000,4.69,45:56,15:30:51,0.0661,9.9e-05,0.0588760000000006,0.06480159999999971
1877,40000,4.6925,45:56,11:28:55,0.0738,9.9e-05,0.05896600000000061,0.0648149999999997
1878,40000,4.695,45:56,8:42:44,0.0478,9.9e-05,0.0589650000000006,0.06477299999999969
1879,40000,4.6975,45:57,7:02:13,0.0427,9.9e-05,0.058841000000000594,0.0647187999999997
1880,40000,4.7,45:57,6:08:18,0.0629,9.9e-05,0.0589120000000006,0.06470739999999969
1881,40000,4.7025,45:57,5:32:28,0.0436,9.9e-05,0.058917000000000594,0.06464559999999969
1882,40000,4.705,46:06,32:13:29,0.0497,9.9e-05,0.058716000000000594,0.06460779999999969
1883,40000,4.7075,46:07,23:31:07,0.0642,9.9e-05,0.05885800000000059,0.06458479999999969
1884,40000,4.71,46:07,17:19:59,0.0424,9.9e-05,0.058590000000000586,0.0645081999999997
1885,40000,4.7125,46:07,13:05:23,0.0531,9.9e-05,0.05805100000000058,0.06446219999999969
1886,40000,4.715,46:07,9:51:26,0.0709,9.9e-05,0.05826900000000058,0.06451599999999971
1887,40000,4.7175,46:12,22:46:53,0.0565,9.9e-05,0.058441000000000576,0.06451399999999971
1888,40000,4.72,46:13,16:52:31,0.0688,9.9e-05,0.05858100000000058,0.06449039999999973
1889,40000,4.7225,46:13,12:30:47,0.0679,9.9e-05,0.05872700000000058,0.06451139999999972
1890,40000,4.725,46:13,9:39:38,0.0534,9.9e-05,0.05852900000000058,0.06448959999999973
1891,40000,4.7275,46:13,7:42:38,0.0767,9.9e-05,0.05866900000000057,0.06449679999999974
1892,40000,4.73,46:14,6:20:58,0.0549,9.9e-05,0.05866500000000057,0.06444579999999975
1893,40000,4.7325,46:14,5:40:26,0.051,9.9e-05,0.058453000000000574,0.06440999999999976
1894,40000,4.735,46:22,27:47:05,0.0592,9.9e-05,0.05834900000000057,0.06440279999999975
1895,40000,4.7375,46:22,20:25:10,0.0472,9.9e-05,0.058358000000000576,0.06433699999999973
1896,40000,4.74,46:22,15:16:49,0.0703,9.9e-05,0.05847600000000057,0.06433859999999975
1897,40000,4.7425,46:23,11:38:31,0.069,9.9e-05,0.058527000000000565,0.06433299999999974
1898,40000,4.745,46:23,9:04:50,0.0691,9.9e-05,0.05871800000000056,0.06433099999999975
1899,40000,4.7475,46:27,18:27:53,0.0538,9.9e-05,0.05848300000000056,0.06427519999999975
1900,40000,4.75,46:27,14:07:16,0.0429,9.9e-05,0.058480000000000566,0.06424779999999976
1901,40000,4.7525,46:27,10:37:31,0.0593,9.9e-05,0.05854900000000057,0.06423819999999975
1902,40000,4.755,46:28,8:20:46,0.0441,9.9e-05,0.058016000000000574,0.06420119999999975
1903,40000,4.7575,46:28,6:47:55,0.0542,9.9e-05,0.05787600000000057,0.06417419999999974
1904,40000,4.76,46:28,5:42:27,0.0509,9.9e-05,0.05779200000000057,0.06411799999999974
1905,40000,4.7625,46:28,5:11:59,0.0691,9.9e-05,0.057921000000000576,0.06411879999999974
1906,40000,4.765,46:38,34:49:36,0.0515,9.9e-05,0.057946000000000566,0.06404959999999973
1907,40000,4.7675,46:39,25:38:45,0.0499,9.9e-05,0.057890000000000566,0.06399959999999973
1908,40000,4.77,46:39,19:08:48,0.0511,9.9e-05,0.05783100000000056,0.06397419999999973
1909,40000,4.7725,46:39,14:24:01,0.0521,9.9e-05,0.057610000000000564,0.06389939999999973
1910,40000,4.775,46:40,11:01:02,0.0692,9.9e-05,0.05773400000000056,0.06385959999999974
1911,40000,4.7775,46:45,24:11:23,0.0912,9.9e-05,0.05823200000000056,0.06391759999999973
1912,40000,4.78,46:45,17:54:11,0.0534,9.9e-05,0.05820200000000056,0.06388139999999973
1913,40000,4.7825,46:46,13:32:36,0.0522,9.9e-05,0.058176000000000554,0.06382679999999973
1914,40000,4.785,46:46,10:26:08,0.0732,9.9e-05,0.05827100000000056,0.06377459999999972
1915,40000,4.7875,46:46,8:10:50,0.0513,9.9e-05,0.058264000000000565,0.06373399999999974
1916,40000,4.79,46:46,6:26:55,0.0475,9.9e-05,0.05807400000000056,0.06370279999999974
1917,40000,4.7925,46:47,5:26:43,0.0679,9.9e-05,0.058124000000000564,0.06368559999999973
1918,40000,4.795,46:54,26:37:53,0.0462,9.9e-05,0.05814300000000056,0.06360299999999974
1919,40000,4.7975,46:54,19:37:55,0.0767,9.9e-05,0.05831300000000056,0.06359919999999973
1920,40000,4.8,46:54,14:40:28,0.0529,9.9e-05,0.058248000000000556,0.06357939999999973
1921,40000,4.8025,46:55,11:13:36,0.0519,9.9e-05,0.05822200000000056,0.06354779999999974
1922,40000,4.805,46:55,8:47:21,0.0405,9.9e-05,0.05800100000000055,0.06350679999999974
1923,40000,4.8075,47:03,31:30:28,0.0523,9.9e-05,0.058046000000000555,0.06348619999999974
1924,40000,4.81,47:03,22:44:30,0.0639,9.9e-05,0.058124000000000564,0.06345639999999973
1925,40000,4.8125,47:03,16:48:01,0.0437,9.9e-05,0.058006000000000564,0.06340079999999974
1926,40000,4.815,47:04,12:27:07,0.0462,9.9e-05,0.05789000000000056,0.06333959999999975
1927,40000,4.8175,47:04,9:40:40,0.0524,9.9e-05,0.057747000000000555,0.06328839999999974
1928,40000,4.82,47:04,7:58:59,0.0585,9.9e-05,0.057643000000000555,0.06327279999999974
1929,40000,4.8225,47:05,6:50:59,0.0433,9.9e-05,0.05743400000000056,0.06325619999999973
1930,40000,4.825,47:10,20:23:19,0.0864,9.9e-05,0.057806000000000565,0.06327179999999974
1931,40000,4.8275,47:10,15:13:43,0.0791,9.9e-05,0.05817800000000057,0.06327219999999974
1932,40000,4.83,47:10,11:35:14,0.0532,9.9e-05,0.05792400000000057,0.06322539999999974
1933,40000,4.8325,47:11,9:03:22,0.0537,9.9e-05,0.05803200000000057,0.06318619999999973
1934,40000,4.835,47:11,7:38:10,0.0627,9.9e-05,0.05800500000000057,0.06319339999999973
1935,40000,4.8375,47:19,32:01:45,0.0552,9.9e-05,0.058099000000000574,0.06317259999999973
1936,40000,4.84,47:20,23:21:15,0.0848,9.9e-05,0.05827200000000058,0.06320799999999974
1937,40000,4.8425,47:20,17:17:42,0.0543,9.9e-05,0.05829800000000057,0.06316979999999973
1938,40000,4.845,47:20,13:01:11,0.0746,9.9e-05,0.058531000000000576,0.06318239999999974
1939,40000,4.8475,47:21,10:07:11,0.0606,9.9e-05,0.058681000000000566,0.06320999999999974
1940,40000,4.85,47:21,8:18:31,0.0647,9.9e-05,0.058745000000000575,0.06321319999999973
1941,40000,4.8525,47:21,6:45:02,0.0346,9.9e-05,0.05849700000000057,0.06312719999999974
1942,40000,4.855,47:25,16:10:57,0.056,9.9e-05,0.058564000000000574,0.06311519999999973
1943,40000,4.8575,47:25,12:33:09,0.0601,9.9e-05,0.05854900000000057,0.06306059999999974
1944,40000,4.86,47:26,9:42:59,0.0447,9.9e-05,0.05831100000000057,0.06299099999999974
1945,40000,4.8625,47:26,7:45:53,0.07,9.9e-05,0.05851300000000057,0.06294219999999974
1946,40000,4.865,47:26,6:09:02,0.0502,9.9e-05,0.05821600000000057,0.06289819999999974
1947,40000,4.8675,47:39,45:31:49,0.0613,9.9e-05,0.05831700000000058,0.06287039999999974
1948,40000,4.87,47:39,32:30:47,0.0522,9.9e-05,0.057974000000000574,0.06288139999999974
1949,40000,4.8725,47:40,23:39:15,0.0606,9.9e-05,0.058087000000000576,0.06284459999999974
1950,40000,4.875,47:40,17:13:25,0.0505,9.9e-05,0.05785400000000058,0.06283039999999973
1951,40000,4.8775,47:40,12:41:07,0.0445,9.9e-05,0.057333000000000585,0.06279859999999973
1952,40000,4.88,47:40,9:49:37,0.0348,9.9e-05,0.05719700000000058,0.06273319999999974
1953,40000,4.8825,47:41,7:48:22,0.0489,9.9e-05,0.057261000000000575,0.06269739999999974
1954,40000,4.885,47:42,10:12:40,0.0444,9.9e-05,0.05706500000000058,0.06256419999999972
1955,40000,4.8875,47:43,8:22:58,0.0467,9.9e-05,0.057070000000000586,0.06255759999999973
1956,40000,4.89,47:43,6:33:40,0.0459,9.9e-05,0.05693200000000058,0.06249519999999973
1957,40000,4.8925,47:43,5:32:10,0.0569,9.9e-05,0.056968000000000574,0.06248279999999973
1958,40000,4.895,47:43,4:49:35,0.0557,9.9e-05,0.05671700000000057,0.062443999999999736
1959,40000,4.8975,47:57,47:26:48,0.0532,9.9e-05,0.05687800000000058,0.06242739999999974
1960,40000,4.9,47:58,34:09:32,0.0598,9.9e-05,0.056999000000000584,0.06242259999999973
1961,40000,4.9025,47:58,24:52:45,0.0587,9.9e-05,0.056913000000000574,0.062339999999999736
1962,40000,4.905,47:58,18:22:17,0.0494,9.9e-05,0.05690800000000058,0.06231879999999973
1963,40000,4.9075,47:58,13:49:10,0.0389,9.9e-05,0.05645000000000058,0.062301799999999734
1964,40000,4.91,47:59,10:52:21,0.0621,9.9e-05,0.056423000000000584,0.06229239999999974
1965,40000,4.9125,47:59,8:20:36,0.0443,9.9e-05,0.05643400000000058,0.062239399999999744
1966,40000,4.915,48:00,10:17:06,0.0598,9.9e-05,0.056445000000000585,0.06218399999999974
1967,40000,4.9175,48:01,8:05:17,0.0484,9.9e-05,0.05645400000000058,0.06215459999999975
1968,40000,4.92,48:01,6:51:49,0.0578,9.9e-05,0.05647300000000058,0.06215079999999975
1969,40000,4.9225,48:01,5:30:42,0.0473,9.9e-05,0.05634300000000058,0.06211279999999975
1970,40000,4.925,48:02,4:48:31,0.0664,9.9e-05,0.05649300000000058,0.062143999999999755
1971,40000,4.9275,48:14,42:16:21,0.0472,9.9e-05,0.056399000000000574,0.06209059999999976
1972,40000,4.93,48:14,30:33:48,0.0625,9.9e-05,0.056526000000000576,0.06211899999999976
1973,40000,4.9325,48:14,22:05:43,0.0583,9.9e-05,0.05652300000000057,0.062135799999999755
1974,40000,4.935,48:15,16:22:33,0.0408,9.9e-05,0.05637500000000057,0.06212919999999975
1975,40000,4.9375,48:15,12:25:05,0.0498,9.9e-05,0.05626500000000057,0.06209939999999976
1976,40000,4.94,48:15,9:54:41,0.0573,9.9e-05,0.05617700000000057,0.06209379999999977
1977,40000,4.9425,48:16,7:57:42,0.0547,9.9e-05,0.05598600000000057,0.062046199999999774
1978,40000,4.945,48:16,6:48:09,0.0693,9.9e-05,0.05620100000000058,0.06203739999999977
1979,40000,4.9475,48:16,5:25:18,0.0594,9.9e-05,0.05636800000000058,0.06202339999999977
1980,40000,4.95,48:17,4:43:21,0.0493,9.9e-05,0.05623200000000057,0.06198359999999977
1981,40000,4.9525,48:17,4:15:28,0.0585,9.9e-05,0.05638100000000058,0.06196499999999977
1982,40000,4.955,48:17,3:57:22,0.0479,9.9e-05,0.056363000000000586,0.061956599999999765
1983,40000,4.9575,48:30,42:58:37,0.0564,9.9e-05,0.05628500000000059,0.06191719999999977
1984,40000,4.96,48:30,30:46:27,0.0477,9.9e-05,0.056338000000000596,0.06187159999999976
1985,40000,4.9625,48:30,22:26:30,0.0524,9.9e-05,0.0563310000000006,0.06186339999999976
1986,40000,4.965,48:31,16:37:38,0.0802,9.9e-05,0.0564240000000006,0.06184939999999977
1987,40000,4.9675,48:31,12:36:51,0.0485,9.9e-05,0.056344000000000595,0.061797599999999765
1988,40000,4.97,48:31,10:03:05,0.0606,9.9e-05,0.056262000000000596,0.06178019999999977
1989,40000,4.9725,48:32,8:02:27,0.0461,9.9e-05,0.05604400000000059,0.06173939999999977
1990,40000,4.975,48:32,6:53:28,0.0488,9.9e-05,0.055998000000000596,0.061735199999999775
1991,40000,4.9775,48:33,6:03:59,0.0721,9.9e-05,0.0559520000000006,0.06174159999999977
1992,40000,4.98,48:33,5:30:17,0.0739,9.9e-05,0.0561420000000006,0.06173639999999977
1993,40000,4.9825,48:33,4:48:48,0.0579,9.9e-05,0.056211000000000594,0.06171419999999977
1994,40000,4.985,48:34,4:18:53,0.047,9.9e-05,0.0560890000000006,0.061693399999999766
1995,40000,4.9875,48:44,36:39:20,0.0524,9.9e-05,0.05614100000000059,0.06167579999999977
1996,40000,4.99,48:45,26:53:12,0.0558,9.9e-05,0.055996000000000594,0.061637199999999774
1997,40000,4.9925,48:45,20:02:15,0.052,9.9e-05,0.05582600000000059,0.061585799999999774
1998,40000,4.995,48:45,14:59:45,0.0524,9.9e-05,0.05565900000000059,0.06149499999999977
1999,40000,4.9975,48:45,11:10:58,0.0629,9.9e-05,0.05575000000000059,0.06148279999999977
2000,40000,5.0,48:46,9:01:18,0.0482,9.9e-05,0.05580300000000058,0.06145279999999977
2001,40000,5.0025,48:46,7:16:10,0.0585,9.9e-05,0.05579500000000058,0.06141359999999978
2002,40000,5.005,48:47,8:36:56,0.0576,9.9e-05,0.055930000000000576,0.06140659999999978
2003,40000,5.0075,48:48,7:16:31,0.0633,9.9e-05,0.05602100000000058,0.061392399999999785
2004,40000,5.01,48:48,6:03:44,0.0647,9.9e-05,0.056159000000000577,0.06137699999999978
2005,40000,5.0125,48:48,5:11:47,0.0917,9.9e-05,0.05638500000000058,0.06137499999999978
2006,40000,5.015,48:49,4:52:14,0.0378,9.9e-05,0.05624800000000058,0.06134139999999978
2007,40000,5.0175,49:01,43:01:00,0.0635,9.9e-05,0.056384000000000586,0.06134819999999978
2008,40000,5.02,49:02,31:21:35,0.0465,9.9e-05,0.05633800000000058,0.061306799999999786
2009,40000,5.0225,49:02,22:52:27,0.0375,9.9e-05,0.05619200000000058,0.0612161999999998
2010,40000,5.025,49:02,16:43:59,0.049,9.9e-05,0.05599000000000058,0.061185999999999796
2011,40000,5.0275,49:02,12:37:18,0.0552,9.9e-05,0.05563000000000058,0.061138399999999794
2012,40000,5.03,49:03,10:03:02,0.0637,9.9e-05,0.05573300000000058,0.0611273999999998
2013,40000,5.0325,49:03,8:02:40,0.0608,9.9e-05,0.05581900000000059,0.0611107999999998
2014,40000,5.035,49:09,26:08:49,0.0583,9.9e-05,0.05567000000000059,0.0611133999999998
2015,40000,5.0375,49:10,19:16:50,0.058,9.9e-05,0.055737000000000585,0.0611091999999998
2016,40000,5.04,49:10,14:10:29,0.0547,9.9e-05,0.05580900000000058,0.0611129999999998
2017,40000,5.0425,49:10,10:33:05,0.0601,9.9e-05,0.055731000000000586,0.0610711999999998
2018,40000,5.045,49:11,8:18:04,0.0658,9.9e-05,0.055927000000000594,0.0610817999999998
2019,40000,5.0475,49:16,22:51:57,0.0828,9.9e-05,0.05598800000000059,0.061134799999999795
2020,40000,5.05,49:16,17:17:13,0.0519,9.9e-05,0.05597800000000059,0.0610701999999998
2021,40000,5.0525,49:17,12:47:59,0.0534,9.9e-05,0.05599300000000059,0.061068399999999794
2022,40000,5.055,49:17,10:09:41,0.0493,9.9e-05,0.05608100000000059,0.06100859999999979
2023,40000,5.0575,49:17,8:06:38,0.0471,9.9e-05,0.05602900000000059,0.060987999999999785
2024,40000,5.06,49:18,6:36:49,0.0567,9.9e-05,0.0559570000000006,0.060944599999999786
2025,40000,5.0625,49:18,5:35:35,0.0518,9.9e-05,0.056038000000000594,0.06092779999999979
2026,40000,5.065,49:25,26:20:40,0.0655,9.9e-05,0.05623100000000059,0.06097059999999979
2027,40000,5.0675,49:25,19:22:47,0.0432,9.9e-05,0.0561390000000006,0.06090799999999979
2028,40000,5.07,49:26,14:31:58,0.0434,9.9e-05,0.05598800000000059,0.060887399999999786
2029,40000,5.0725,49:26,11:07:59,0.0463,9.9e-05,0.05601800000000059,0.06082299999999979
2030,40000,5.075,49:26,8:45:10,0.0691,9.9e-05,0.05584500000000058,0.060818599999999785
2031,40000,5.0775,49:28,10:32:00,0.047,9.9e-05,0.05552400000000057,0.06071539999999978
2032,40000,5.08,49:28,8:20:35,0.0452,9.9e-05,0.055444000000000576,0.060603799999999784
2033,40000,5.0825,49:28,6:46:11,0.0401,9.9e-05,0.05530800000000057,0.06052239999999978
2034,40000,5.085,49:28,5:58:03,0.0551,9.9e-05,0.05523200000000057,0.06052059999999978
2035,40000,5.0875,49:29,5:08:15,0.0435,9.9e-05,0.055115000000000566,0.06046839999999978
2036,40000,5.09,49:29,4:33:20,0.047,9.9e-05,0.05473700000000056,0.06038919999999978
2037,40000,5.0925,49:29,4:11:10,0.0469,9.9e-05,0.054663000000000565,0.06033879999999978
2038,40000,5.095,49:41,38:21:57,0.0762,9.9e-05,0.05467900000000056,0.06033919999999979
2039,40000,5.0975,49:41,28:08:11,0.041,9.9e-05,0.054483000000000566,0.06029439999999978
2040,40000,5.1,49:41,20:55:44,0.0619,9.9e-05,0.05445500000000056,0.06025159999999978
2041,40000,5.1025,49:42,15:36:16,0.0452,9.9e-05,0.05456100000000056,0.060214399999999786
2042,40000,5.105,49:42,12:07:45,0.047,9.9e-05,0.05447100000000056,0.06019399999999978
2043,40000,5.1075,49:44,15:09:22,0.053,9.9e-05,0.05440000000000055,0.060157199999999786
2044,40000,5.11,49:45,11:53:10,0.0683,9.9e-05,0.05463600000000055,0.060198199999999785
2045,40000,5.1125,49:45,9:18:43,0.0582,9.9e-05,0.05451800000000055,0.060184199999999785
2046,40000,5.115,49:45,7:44:10,0.056,9.9e-05,0.054576000000000555,0.060168799999999786
2047,40000,5.1175,49:46,6:24:13,0.0692,9.9e-05,0.05465500000000056,0.060132799999999785
2048,40000,5.12,49:46,5:22:39,0.0568,9.9e-05,0.054701000000000555,0.060120199999999784
2049,40000,5.1225,49:46,4:43:02,0.0535,9.9e-05,0.05463000000000055,0.06007499999999978
2050,40000,5.125,49:57,37:09:50,0.054,9.9e-05,0.054665000000000546,0.06006139999999978
2051,40000,5.1275,49:57,27:16:03,0.0437,9.9e-05,0.05465700000000055,0.06001539999999978
2052,40000,5.13,49:58,20:00:27,0.0543,9.9e-05,0.054852000000000546,0.05997459999999978
2053,40000,5.1325,49:58,14:57:41,0.0477,9.9e-05,0.05484000000000055,0.05990799999999978
2054,40000,5.135,49:58,11:43:08,0.0678,9.9e-05,0.055074000000000546,0.059934799999999774
2055,40000,5.1375,50:02,19:36:52,0.0467,9.9e-05,0.055074000000000546,0.05985559999999977
2056,40000,5.14,50:02,14:42:28,0.0453,9.9e-05,0.055068000000000554,0.05983479999999977
2057,40000,5.1425,50:03,11:16:31,0.0436,9.9e-05,0.05493500000000055,0.05976339999999978
2058,40000,5.145,50:03,8:50:10,0.0494,9.9e-05,0.05487200000000056,0.059754799999999775
2059,40000,5.1475,50:03,7:23:05,0.0657,9.9e-05,0.054997000000000545,0.059680199999999774
2060,40000,5.15,50:04,6:09:23,0.0383,9.9e-05,0.05478200000000055,0.05963499999999977
2061,40000,5.1525,50:04,5:14:49,0.0786,9.9e-05,0.05498100000000055,0.05965939999999977
2062,40000,5.155,50:14,36:16:48,0.0679,9.9e-05,0.05516600000000055,0.05963959999999977
2063,40000,5.1575,50:14,26:19:11,0.0438,9.9e-05,0.05521500000000055,0.059596999999999775
2064,40000,5.16,50:15,19:20:12,0.0463,9.9e-05,0.05505700000000054,0.05954659999999977
2065,40000,5.1625,50:15,14:29:04,0.0602,9.9e-05,0.05521600000000054,0.05953179999999977
2066,40000,5.165,50:15,11:04:11,0.0539,9.9e-05,0.05515700000000054,0.059490999999999766
2067,40000,5.1675,50:17,11:36:28,0.0685,9.9e-05,0.055358000000000546,0.05949879999999977
2068,40000,5.17,50:17,9:22:27,0.0589,9.9e-05,0.05536900000000054,0.059532999999999774
2069,40000,5.1725,50:17,7:47:30,0.0367,9.9e-05,0.05526300000000054,0.05944019999999977
2070,40000,5.175,50:18,6:27:59,0.0513,9.9e-05,0.05511200000000055,0.05941179999999977
2071,40000,5.1775,50:18,5:43:32,0.0611,9.9e-05,0.05525100000000054,0.05942719999999977
2072,40000,5.18,50:18,4:58:01,0.0338,9.9e-05,0.05496400000000055,0.05936199999999977
2073,40000,5.1825,50:19,6:17:12,0.0411,9.9e-05,0.05479200000000055,0.059353399999999765
2074,40000,5.185,50:30,39:48:16,0.0663,9.9e-05,0.05504700000000055,0.05936719999999976
2075,40000,5.1875,50:31,28:52:37,0.0598,9.9e-05,0.05514700000000054,0.05932679999999976
2076,40000,5.19,50:31,21:11:39,0.0784,9.9e-05,0.05535800000000055,0.05934679999999976
2077,40000,5.1925,50:31,15:44:27,0.0404,9.9e-05,0.05521500000000055,0.05928479999999976
2078,40000,5.195,50:32,12:12:44,0.036,9.9e-05,0.05488200000000054,0.05917079999999977
2079,40000,5.1975,50:34,16:46:11,0.0465,9.9e-05,0.05475300000000054,0.05913119999999977
2080,40000,5.2,50:35,13:01:51,0.049,9.9e-05,0.05475000000000055,0.059121599999999774
2081,40000,5.2025,50:36,14:31:09,0.0468,9.9e-05,0.05463300000000054,0.059058199999999776
2082,40000,5.205,50:37,11:06:12,0.0516,9.9e-05,0.05467000000000054,0.059062599999999785
2083,40000,5.2075,50:37,8:42:45,0.0642,9.9e-05,0.05474800000000053,0.059085999999999785
2084,40000,5.21,50:37,7:02:01,0.0618,9.9e-05,0.054889000000000535,0.05905859999999979
2085,40000,5.2125,50:38,8:07:16,0.0645,9.9e-05,0.05501000000000053,0.05904439999999978
2086,40000,5.215,50:44,23:06:03,0.0397,9.9e-05,0.05460500000000053,0.05894759999999978
2087,40000,5.2175,50:44,17:38:28,0.0327,9.9e-05,0.05444700000000054,0.05890199999999978
2088,40000,5.22,50:45,13:20:41,0.0488,9.9e-05,0.05432900000000054,0.05889079999999978
2089,40000,5.2225,50:45,10:15:45,0.0931,9.9e-05,0.05479900000000053,0.05893419999999978
